source_file,crm_id,counsellor_id,rating,email_date,qualifications,english_test,study_destination,course,intake,funding_method,fund_amount,assessment_notes,data_quality_flag,extraction_source,pii_issues
Re_ Kenya Office - Counsellor Assessment Form - [NAME_REDACTED] - Cold - 375732 -.eml[1].eml,375732,[NAME_REDACTED],Cold,"Thu, 03 Apr 2025 03:34:07 -0400",Highs school scored a D plain cleared last year,no,Uk,,,has funds to proceed,[AMOUNT_REDACTED],,CLEAN,html,
Re_ Kenya Office - Counsellor Assessment Form - [NAME_REDACTED] - Cold - 384043 -.eml[1].eml,384043,[NAME_REDACTED],Cold,"Mon, 28 Apr 2025 09:30:07 -0400",[UNIVERSITY],,,,,Wants to attend the expo first,[AMOUNT_REDACTED],,CLEAN,html,
Re_ Kenya Office - Counsellor Assessment Form - [NAME_REDACTED] - Cold - 404488 -.eml[1].eml,404488,[NAME_REDACTED],Cold,"Fri, 30 May 2025 04:36:03 -0400",High school scored a c+,no,Uk,,,wants a full scholarship,[AMOUNT_REDACTED],,CLEAN,html,
Re_ Kenya Office - Counsellor Assessment Form - [NAME_REDACTED] - Cold - 404666 -.eml[1].eml,404666,[NAME_REDACTED],Cold,"Thu, 29 May 2025 09:35:05 -0400",High school SCORED D-,NO,Uk,,,has no funds at the moment,[AMOUNT_REDACTED],,CLEAN,html,
Re_ Kenya Office - Counsellor Assessment Form - [NAME_REDACTED] - Cold - 404683 -.eml[1].eml,404683,[NAME_REDACTED],Cold,"Fri, 30 May 2025 02:59:05 -0400",High school scored D+ cleared in 2023,,,,,has no funds,[AMOUNT_REDACTED],,CLEAN,html,
Re_ Kenya Office - Counsellor Assessment Form - [NAME_REDACTED] - Cold - 405509 -.eml[1].eml,405509,[NAME_REDACTED],Cold,"Fri, 30 May 2025 08:56:03 -0400",High school cleared in 2023 scored B+,no,uk,,,has no funds at the moment,[AMOUNT_REDACTED],,CLEAN,html,
Re_ Kenya Office - Counsellor Assessment Form - [NAME_REDACTED] - Cold - 406639 -.eml[1].eml,406639,[NAME_REDACTED],Cold,"Thu, 05 Jun 2025 02:23:05 -0400",High school scores A D plain,no,Uk,bachelors in communication,september 2025,has no funds at the moment,[AMOUNT_REDACTED],,CLEAN,html,
Re_ Kenya Office - Counsellor Assessment Form - [NAME_REDACTED] - Cold - 406775 -.eml[1].eml,406775,[NAME_REDACTED],Cold,"Tue, 10 Jun 2025 03:00:07 -0400",Diploma in baking,no,dubai,bachelors in bakery,september 2025,has no funds at the moment,[AMOUNT_REDACTED],,CLEAN,html,
Re_ Kenya Office - Counsellor Assessment Form - [NAME_REDACTED] - Cold - 406788 -.eml[1].eml,406788,[NAME_REDACTED],Cold,"Tue, 10 Jun 2025 02:53:03 -0400",high schoolnc+,no,Uk,,,has no funds at the moment,[AMOUNT_REDACTED],,CLEAN,html,
Re_ Kenya Office - Counsellor Assessment Form - [NAME_REDACTED] - Cold - 406807 -.eml[1].eml,406807,[NAME_REDACTED],Cold,"Wed, 04 Jun 2025 08:16:05 -0400",High school scored aD+,no,Uk,,,has no funds at the moment,[AMOUNT_REDACTED],,CLEAN,html,
Re_ Kenya Office - Counsellor Assessment Form - [NAME_REDACTED] - Cold - 406810 -.eml[1].eml,406810,[NAME_REDACTED],Cold,"Wed, 04 Jun 2025 08:02:04 -0400",Highschool scored a C+,no,Uk,,,has no funds at the moment,[AMOUNT_REDACTED],,CLEAN,html,
Re_ Kenya Office - Counsellor Assessment Form - [NAME_REDACTED] - Cold - 406848 -.eml[1].eml,406848,[NAME_REDACTED],Cold,"Tue, 10 Jun 2025 07:43:06 -0400",Certificate in community health,no,Uk,Bachelors in community health,,has no funds,[AMOUNT_REDACTED],,CLEAN,html,
Re_ Kenya Office - Counsellor Assessment Form - [NAME_REDACTED] - Good - - 290052.eml[1].eml,290052,[NAME_REDACTED],Good,"Thu, 17 Apr 2025 13:25:04 +0300",he says he already shared the docs,,,,,Self Funded,[AMOUNT_REDACTED],,CLEAN,html,
Re_ Kenya Office - Counsellor Assessment Form - [NAME_REDACTED] - Cold - 369458 -.eml[1].eml,369458,[NAME_REDACTED],,"Fri, 14 Mar 2025 12:15:05 -0400","In first year of university, looking for a scholarship.",,,,,,[AMOUNT_REDACTED],,CHECK,html,
Re_ Kenya Office - Counsellor Assessment Form - [NAME_REDACTED] - Cold - 369478 -.eml[1].eml,369478,[NAME_REDACTED],,"Fri, 14 Mar 2025 08:13:07 -0400",Finished high school in 2013 and hasn't proceeded. Thought it was an online school.,,,,,,[AMOUNT_REDACTED],,CHECK,html,
Re_ Kenya Office - Counsellor Assessment Form - [NAME_REDACTED] - Cold - 369607 -.eml[1].eml,369607,[NAME_REDACTED],,"Wed, 12 Mar 2025 09:40:06 -0400","Student still in high school, scouting for scholarships",,,,,,[AMOUNT_REDACTED],,CHECK,html,
Re_ Kenya Office - Counsellor Assessment Form - [NAME_REDACTED] - Cold - - 500164.eml[1].eml,500164,[NAME_REDACTED],Cold,"Tue, 09 Dec 2025 13:23:02 +0300",KCSE C plain,,Canada,nursing,,Parents,[AMOUNT_REDACTED],,CLEAN,html,
Re_ Kenya Office - Counsellor Assessment Form - [NAME_REDACTED] - Cold - 501181 -.eml[1].eml,501181,[NAME_REDACTED],Cold,"Mon, 08 Dec 2025 06:36:02 -0500",Awaiting results,,Canada,Full scholarship,sep 2026,Parents,[AMOUNT_REDACTED],,CLEAN,html,
Re_ Kenya Office - Counsellor Assessment Form - [NAME_REDACTED] - Good - 500943 -.eml[1].eml,500943,[NAME_REDACTED],,"Tue, 09 Dec 2025 17:06:03 +0000",HIGHSCHOOL B PLAIN,KCSE B IN ENGLISH,"Canada, Malta",Bachelor in engineering,feb and march,,[AMOUNT_REDACTED],,CHECK,html,
Re_ Kenya Office - Counsellor Assessment Form - [NAME_REDACTED] - Good - 500945 -.eml[1].eml,500945,[NAME_REDACTED],Good,"Tue, 09 Dec 2025 06:06:11 -0500",Form 4 leaver awaiting results,,Germany,,,Parents,[AMOUNT_REDACTED],,CLEAN,html,
Re_ Kenya Office - Counsellor Assessment Form - [NAME_REDACTED] - Good - 501178 -.eml[1].eml,501178,[NAME_REDACTED],,"Mon, 08 Dec 2025 14:47:22 +0300",No response,,,,,,[AMOUNT_REDACTED],,CHECK,html,
Re_ Kenya Office - Counsellor Assessment Form - [NAME_REDACTED] - Cold - 500591 -.eml[1].eml,500591,[NAME_REDACTED],Cold,"Fri, 05 Dec 2025 09:12:23 +0300","diploma, 2 1/2 years, 2023. computer sci","no IELTS, B+ in English","London, UK",,,Self Funded,[AMOUNT_REDACTED],,CLEAN,html,
Re_ Kenya Office - Counsellor Assessment Form - [NAME_REDACTED] - Cold - 384916 -.eml[1].eml,384916,[NAME_REDACTED],Cold,"Tue, 29 Apr 2025 11:20:05 -0400",will be available for the expo looking for online studies,,UK,hospitality,June 2025,looking for scholarship funding,[AMOUNT_REDACTED],,CLEAN,html,
Re_ Kenya Office - Counsellor Assessment Form - [NAME_REDACTED] - Good - 373705 -.eml[1].eml,373705,[NAME_REDACTED],Good,"Wed, 09 Apr 2025 18:20:36 +0300","KCSE D plus had previously begun a conversation with [NAME_REDACTED] about the Adult social care program says she put everything on hold after being contacted by Has done her IELTS atm ok with picking up conversation with parents on their next steps either pursuing a nursing, social work or the diploma program",will share her IELTS score,UK,"nursing Adult care,social work",undecided,Parents,[AMOUNT_REDACTED],,CLEAN,html,
Re_ Kenya Office - Counsellor Assessment Form - [NAME_REDACTED] - Good - 406990 -.eml[1].eml,406990,[NAME_REDACTED],Good,"Wed, 04 Jun 2025 18:36:53 +0300","4/6 interested in a MSc program in business analytics intakes in mind Jan/May 2026 interested in any available partial scholarships passport available line of work bank operations self sponsoring as well universities in mind atm Keele,Kent and Chester will not be available for the open day",no,UK,business analytics,January 2026,partial scholarship,[AMOUNT_REDACTED],,CLEAN,html,
Re_ Kenya Office - Counsellor Assessment Form - [NAME_REDACTED] - Cold - 384334 -.eml[1].eml,384334,[NAME_REDACTED],Cold,"Wed, 30 Apr 2025 11:18:51 +0300",Bachelor of arts 2018 Second class upper KCSE C+ 2010,No,UK,Law,September,To visit the office first,[AMOUNT_REDACTED],,CLEAN,html,
Re_ Kenya Office - Counsellor Assessment Form - [NAME_REDACTED] - Cold - 404372 -.eml[1].eml,404372,[NAME_REDACTED],Cold,"Wed, 28 May 2025 11:17:07 -0400",Diploma in Journalism management 2022 KCSE D+ 2006,No,yet to decide,Business administration,Yet to decide,No source of funds,[AMOUNT_REDACTED],,CLEAN,html,
Re_ Kenya Office - Counsellor Assessment Form - [NAME_REDACTED] - Good - 380822 -.eml[1].eml,380822,[NAME_REDACTED],Good,"Wed, 23 Apr 2025 16:03:26 +0300",BSC IT 2021 First class honors KCSE B 2014,,UK,Masters in web design or masters in media communication,September,Self Funded,[AMOUNT_REDACTED],,CLEAN,html,
Re_ Kenya Office - Counsellor Assessment Form - [NAME_REDACTED] - Good - 404374 -.eml[1].eml,404374,[NAME_REDACTED],Good,"Thu, 29 May 2025 23:55:01 +0300",Bachelors degree Commerce option finance 2020 Diploma human resource 2024 KCSE B- 2015,,,Data science,September,Parents,[AMOUNT_REDACTED],,CLEAN,html,
Re_ Kenya Office - Counsellor Assessment Form - [NAME_REDACTED] - Good - 406125 -.eml[1].eml,406125,[NAME_REDACTED],Good,"Fri, 06 Jun 2025 23:00:07 +0300",Diploma in nursing 2024 KCSE B- 2019,No,UK,Nursing,January 2026,Parents,[AMOUNT_REDACTED],,CLEAN,html,
Re_ Kenya Office - Counsellor Assessment Form - [NAME_REDACTED] - Good - 374716 -.eml[1].eml,374716,[NAME_REDACTED],,"Thu, 27 Mar 2025 16:30:30 +0300",masters level,none taken,UK,phd in social work,september 2025,,[AMOUNT_REDACTED],,CHECK,html,
Re_ Kenya Office - Counsellor Assessment Form - [NAME_REDACTED] - Good - 500852 -.eml[1].eml,500852,[NAME_REDACTED],Good,"Mon, 08 Dec 2025 06:23:04 -0500",second class honours 2025. Is yet to pick up transcripts from the university and the certificate,,the UK,COMPUTER SCIENCE,2026,Parents,[AMOUNT_REDACTED],,CLEAN,html,
Re_ Kenya Office - Counsellor Assessment Form - [NAME_REDACTED] - Excellent - 404339 -.eml[1].eml,404339,[NAME_REDACTED],Excellent,"Wed, 28 May 2025 17:37:41 +0300",Bachelor's degree in Computer science 2020 Rongo University 2:2 Passport [PASSPORT_REDACTED],No KCSE English A- 2014,UK,Masters in Data Science,Jan Intake 2026,Self Funded,[AMOUNT_REDACTED],,CLEAN,html,
Re_ Kenya Office - Counsellor Assessment Form - [NAME_REDACTED] - Good - 375300 -.eml[1].eml,375300,[NAME_REDACTED],Good,"Wed, 04 Jun 2025 12:07:48 +0300",Bachelors in Environmental Science 2022 Moi University 2:2 Passport [PASSPORT_REDACTED],No KCSE English B 2014,UK,Public Health,Jan Intake 2026,Self Funded,[AMOUNT_REDACTED],,CLEAN,html,
Re_ Kenya Office - Counsellor Assessment Form - [NAME_REDACTED] - Good - 376414 -.eml[1].eml,376414,[NAME_REDACTED],Good,"Fri, 11 Apr 2025 16:43:02 +0300",Certificate in Nursing Assistance Pass 2024 KCSE D+ 2017,KCSE English C+,UK,Adult social care programme,July Intake,Parents,[AMOUNT_REDACTED],,CLEAN,html,
Re_ Kenya Office - Counsellor Assessment Form - [NAME_REDACTED] - Good - 386622 -.eml[1].eml,386622,[NAME_REDACTED],Good,"Mon, 26 May 2025 09:36:55 +0300",Diploma in Information Science 2012 Nursing Assistant January 2025 3months Practice Passport [PASSPORT_REDACTED],KCSE English IELTS,UK,BA in Social Work,Jan Intake 2026,Self Funded,[AMOUNT_REDACTED],,CLEAN,html,
Re_ Kenya Office - Counsellor Assessment Form - [NAME_REDACTED] - Good - 401786 -.eml[1].eml,401786,[NAME_REDACTED],Good,"Fri, 23 May 2025 18:47:36 +0300",Diploma in Criminology 2017 Moi University Pass Passport [PASSPORT_REDACTED] Emily Wanjiru Ndonga,KCSE English C 2014,UK,Business Related course,Jan Intake 2026,Parents,[AMOUNT_REDACTED],,CLEAN,html,
Re_ Kenya Office - Counsellor Assessment Form - [NAME_REDACTED] - Good - 406272 -.eml[1].eml,406272,[NAME_REDACTED],Good,"Fri, 13 Jun 2025 12:26:12 +0300",Bachelors in Criminology 2017 Karatina University 2:2 No Passport,No KCSE English B 2012,UK,MA in Criminology/Forensics,September Intake 2026,Parents,[AMOUNT_REDACTED],,CLEAN,html,
Re_ Kenya Office - Counsellor Assessment Form - [NAME_REDACTED] - Good - 405255 -.eml[1].eml,405255,[NAME_REDACTED],Good,"Fri, 30 May 2025 16:12:14 +0300",diploma in medical engineering 2023,no,UK,project management,jan 26,Self Funded,[AMOUNT_REDACTED],,CLEAN,html,
Re_ Kenya Office - Counsellor Assessment Form - [NAME_REDACTED] - Good - 405840 -.eml[1].eml,405840,[NAME_REDACTED],,"Wed, 04 Jun 2025 15:18:16 +0300",bachelor of science 2022,no,UK,cyber security and data protection,sep 2025,,[AMOUNT_REDACTED],,CHECK,html,
Re_ Kenya Office - Counsellor Assessment Form - [NAME_REDACTED] - Good - 406389 -.eml[1].eml,406389,[NAME_REDACTED],Good,"Tue, 03 Jun 2025 18:29:18 +0300",BED scienced 2012,NO,UK,ENVIRONMENT SCI,sep 2025,Self Funded,[AMOUNT_REDACTED],,CLEAN,html,
Re_ Kenya Office - Counsellor Assessment Form - [NAME_REDACTED] - Good - 406984 -.eml[1].eml,406984,[NAME_REDACTED],Good,"Wed, 04 Jun 2025 18:37:03 +0300",degree in medical 2019,no,UK,masters in public health,Jan 2026,Self Funded,[AMOUNT_REDACTED],,CLEAN,html,
Re_ Kenya Office - Counsellor Assessment Form - [NAME_REDACTED] - Cold - 501306 -.eml[1].eml,501306,[NAME_REDACTED],Cold,"Sat, 06 Dec 2025 12:19:43 +0300",Graduated with a diploma in nursing in 2023,No.,"germany, uk",,,Parents,[AMOUNT_REDACTED],,CLEAN,html,
Re_ Kenya Office - Counsellor Assessment Form - [NAME_REDACTED] - Good - 500700 -.eml[1].eml,500700,[NAME_REDACTED],Good,"Sat, 06 Dec 2025 11:59:24 +0300",KCSE Grade C+ in 2022,,UK,computer science,,Other family members or relatives,[AMOUNT_REDACTED],,CLEAN,html,
Re_ Kenya Office - Counsellor Assessment Form - [NAME_REDACTED] - Cold - 375266 -.eml[1].eml,375266,[NAME_REDACTED],Cold,"Thu, 10 Apr 2025 02:35:10 -0400",High school scored a C+,no Kcse c-,Uk,bachelors degree in business,september 2025,applicant wants a full scholarship,[AMOUNT_REDACTED],,CLEAN,html,
Re_ Kenya Office - Counsellor Assessment Form - [NAME_REDACTED] - Cold - 375732 -.eml[1].eml,375732,[NAME_REDACTED],Cold,"Thu, 03 Apr 2025 03:34:07 -0400",Highs school scored a D plain cleared last year,no,Uk,,,has funds to proceed,[AMOUNT_REDACTED],,CLEAN,html,
Re_ Kenya Office - Counsellor Assessment Form - [NAME_REDACTED] - Cold - 384043 -.eml[1].eml,384043,[NAME_REDACTED],Cold,"Mon, 28 Apr 2025 09:30:07 -0400",[UNIVERSITY],,,,,Wants to attend the expo first,[AMOUNT_REDACTED],,CLEAN,html,
Re_ Kenya Office - Counsellor Assessment Form - [NAME_REDACTED] - Cold - 404488 -.eml[1].eml,404488,[NAME_REDACTED],Cold,"Fri, 30 May 2025 04:36:03 -0400",High school scored a c+,no,Uk,,,wants a full scholarship,[AMOUNT_REDACTED],,CLEAN,html,
Re_ Kenya Office - Counsellor Assessment Form - [NAME_REDACTED] - Cold - 404666 -.eml[1].eml,404666,[NAME_REDACTED],Cold,"Thu, 29 May 2025 09:35:05 -0400",High school SCORED D-,NO,Uk,,,has no funds at the moment,[AMOUNT_REDACTED],,CLEAN,html,
Re_ Kenya Office - Counsellor Assessment Form - [NAME_REDACTED] - Cold - 404683 -.eml[1].eml,404683,[NAME_REDACTED],Cold,"Fri, 30 May 2025 02:59:05 -0400",High school scored D+ cleared in 2023,,,,,has no funds,[AMOUNT_REDACTED],,CLEAN,html,
Re_ Kenya Office - Counsellor Assessment Form - [NAME_REDACTED] - Cold - 405509 -.eml[1].eml,405509,[NAME_REDACTED],Cold,"Fri, 30 May 2025 08:56:03 -0400",High school cleared in 2023 scored B+,no,uk,,,has no funds at the moment,[AMOUNT_REDACTED],,CLEAN,html,
Re_ Kenya Office - Counsellor Assessment Form - [NAME_REDACTED] - Cold - 406639 -.eml[1].eml,406639,[NAME_REDACTED],Cold,"Thu, 05 Jun 2025 02:23:05 -0400",High school scores A D plain,no,Uk,bachelors in communication,september 2025,has no funds at the moment,[AMOUNT_REDACTED],,CLEAN,html,
Re_ Kenya Office - Counsellor Assessment Form - [NAME_REDACTED] - Cold - 406788 -.eml[1].eml,406788,[NAME_REDACTED],Cold,"Tue, 10 Jun 2025 02:53:03 -0400",high schoolnc+,no,Uk,,,has no funds at the moment,[AMOUNT_REDACTED],,CLEAN,html,
Re_ Kenya Office - Counsellor Assessment Form - [NAME_REDACTED] - Cold - 406807 -.eml[1].eml,406807,[NAME_REDACTED],Cold,"Wed, 04 Jun 2025 08:16:05 -0400",High school scored aD+,no,Uk,,,has no funds at the moment,[AMOUNT_REDACTED],,CLEAN,html,
Re_ Kenya Office - Counsellor Assessment Form - [NAME_REDACTED] - Cold - 406810 -.eml[1].eml,406810,[NAME_REDACTED],Cold,"Wed, 04 Jun 2025 08:02:04 -0400",Highschool scored a C+,no,Uk,,,has no funds at the moment,[AMOUNT_REDACTED],,CLEAN,html,
Re_ Kenya Office - Counsellor Assessment Form - [NAME_REDACTED] - Cold - 406848 -.eml[1].eml,406848,[NAME_REDACTED],Cold,"Tue, 10 Jun 2025 07:43:06 -0400",Certificate in community health,no,Uk,Bachelors in community health,,has no funds,[AMOUNT_REDACTED],,CLEAN,html,
Re_ Kenya Office - Counsellor Assessment Form - [NAME_REDACTED] - Good - - 290052.eml[1].eml,290052,[NAME_REDACTED],Good,"Thu, 17 Apr 2025 13:25:04 +0300",he says he already shared the docs,,,,,Self Funded,[AMOUNT_REDACTED],,CLEAN,html,
Re_ Kenya Office - Counsellor Assessment Form - [NAME_REDACTED] - Good - 380917 -.eml[1].eml,380917,[NAME_REDACTED],Good,"Wed, 23 Apr 2025 16:17:45 +0300",High school cleared in 2015 scored a A minus,A minus,Uk,Bachelors Film and Tv production,september 2025,Self Funded,[AMOUNT_REDACTED],,CLEAN,html,
Re_ Kenya Office - Counsellor Assessment Form - [NAME_REDACTED] - Cold - 369478 -.eml[1].eml,369478,[NAME_REDACTED],,"Fri, 14 Mar 2025 08:13:07 -0400",Finished high school in 2013 and hasn't proceeded. Thought it was an online school.,,,,,,[AMOUNT_REDACTED],,CHECK,html,
Re_ Kenya Office - Counsellor Assessment Form - [NAME_REDACTED] - Cold - 369607 -.eml[1].eml,369607,[NAME_REDACTED],,"Wed, 12 Mar 2025 09:40:06 -0400","Student still in high school, scouting for scholarships",,,,,,[AMOUNT_REDACTED],,CHECK,html,
Re_ Kenya Office - Counsellor Assessment Form - [NAME_REDACTED] - Cold - - 500164.eml[1].eml,500164,[NAME_REDACTED],Cold,"Tue, 09 Dec 2025 13:23:02 +0300",KCSE C plain,,Canada,nursing,,Parents,[AMOUNT_REDACTED],,CLEAN,html,
Re_ Kenya Office - Counsellor Assessment Form - [NAME_REDACTED] - Cold - 501181 -.eml[1].eml,501181,[NAME_REDACTED],Cold,"Mon, 08 Dec 2025 06:36:02 -0500",Awaiting results,,Canada,Full scholarship,sep 2026,Parents,[AMOUNT_REDACTED],,CLEAN,html,
Re_ Kenya Office - Counsellor Assessment Form - [NAME_REDACTED] - Good - 500945 -.eml[1].eml,500945,[NAME_REDACTED],Good,"Tue, 09 Dec 2025 06:06:11 -0500",Form 4 leaver awaiting results,,Germany,,,Parents,[AMOUNT_REDACTED],,CLEAN,html,
Re_ Kenya Office - Counsellor Assessment Form - [NAME_REDACTED] - Good - 501178 -.eml[1].eml,501178,[NAME_REDACTED],,"Mon, 08 Dec 2025 14:47:22 +0300",No response,,,,,,[AMOUNT_REDACTED],,CHECK,html,
Re_ Kenya Office - Counsellor Assessment Form - [NAME_REDACTED] - Cold - 384916 -.eml[1].eml,384916,[NAME_REDACTED],Cold,"Tue, 29 Apr 2025 11:20:05 -0400",will be available for the expo looking for online studies,,UK,hospitality,June 2025,looking for scholarship funding,[AMOUNT_REDACTED],,CLEAN,html,
Re_ Kenya Office - Counsellor Assessment Form - [NAME_REDACTED] - Good - 373705 -.eml[1].eml,373705,[NAME_REDACTED],Good,"Wed, 09 Apr 2025 18:20:36 +0300","KCSE D plus had previously begun a conversation with [NAME_REDACTED] about the Adult social care program says she put everything on hold after being contacted by Has done her IELTS atm ok with picking up conversation with parents on their next steps either pursuing a nursing, social work or the diploma program",will share her IELTS score,UK,"nursing Adult care,social work",undecided,Parents,[AMOUNT_REDACTED],,CLEAN,html,
Re_ Kenya Office - Counsellor Assessment Form - [NAME_REDACTED] - Good - 406990 -.eml[1].eml,406990,[NAME_REDACTED],Good,"Wed, 04 Jun 2025 18:36:53 +0300","4/6 interested in a MSc program in business analytics intakes in mind Jan/May 2026 interested in any available partial scholarships passport available line of work bank operations self sponsoring as well universities in mind atm Keele,Kent and Chester will not be available for the open day",no,UK,business analytics,January 2026,partial scholarship,[AMOUNT_REDACTED],,CLEAN,html,
Re_ Kenya Office - Counsellor Assessment Form - [NAME_REDACTED] - Cold - 384334 -.eml[1].eml,384334,[NAME_REDACTED],Cold,"Wed, 30 Apr 2025 11:18:51 +0300",Bachelor of arts 2018 Second class upper KCSE C+ 2010,No,UK,Law,September,To visit the office first,[AMOUNT_REDACTED],,CLEAN,html,
Re_ Kenya Office - Counsellor Assessment Form - [NAME_REDACTED] - Good - 380822 -.eml[1].eml,380822,[NAME_REDACTED],Good,"Wed, 23 Apr 2025 16:03:26 +0300",BSC IT 2021 First class honors KCSE B 2014,,UK,Masters in web design or masters in media communication,September,Self Funded,[AMOUNT_REDACTED],,CLEAN,html,
Re_ Kenya Office - Counsellor Assessment Form - [NAME_REDACTED] - Good - 406125 -.eml[1].eml,406125,[NAME_REDACTED],Good,"Fri, 06 Jun 2025 23:00:07 +0300",Diploma in nursing 2024 KCSE B- 2019,No,UK,Nursing,January 2026,Parents,[AMOUNT_REDACTED],,CLEAN,html,
Re_ Kenya Office - Counsellor Assessment Form - [NAME_REDACTED] - Good - 374716 -.eml[1].eml,374716,[NAME_REDACTED],,"Thu, 27 Mar 2025 16:30:30 +0300",masters level,none taken,UK,phd in social work,september 2025,,[AMOUNT_REDACTED],,CHECK,html,
Re_ Kenya Office - Counsellor Assessment Form - [NAME_REDACTED] - Good - 500852 -.eml[1].eml,500852,[NAME_REDACTED],Good,"Mon, 08 Dec 2025 06:23:04 -0500",second class honours 2025. Is yet to pick up transcripts from the university and the certificate,,the UK,COMPUTER SCIENCE,2026,Parents,[AMOUNT_REDACTED],,CLEAN,html,
Re_ Kenya Office - Counsellor Assessment Form - [NAME_REDACTED] - Excellent - 383014 -.eml[1].eml,383014,[NAME_REDACTED],Excellent,"Mon, 28 Apr 2025 18:34:03 +0300",Bachelors in GIS Maseno University 2023 2:1 Passport [PASSPORT_REDACTED],KCSE English B+ 2018,UK,Digital Design/Fine Arts,Jan Intake 2026,Self Funded,[AMOUNT_REDACTED],,CLEAN,html,
Re_ Kenya Office - Counsellor Assessment Form - [NAME_REDACTED] - Excellent - 404339 -.eml[1].eml,404339,[NAME_REDACTED],Excellent,"Wed, 28 May 2025 17:37:41 +0300",Bachelor's degree in Computer science 2020 Rongo University 2:2 Passport [PASSPORT_REDACTED],No KCSE English A- 2014,UK,Masters in Data Science,Jan Intake 2026,Self Funded,[AMOUNT_REDACTED],,CLEAN,html,
Re_ Kenya Office - Counsellor Assessment Form - [NAME_REDACTED] - Good - 375300 -.eml[1].eml,375300,[NAME_REDACTED],Good,"Wed, 04 Jun 2025 12:07:48 +0300",Bachelors in Environmental Science 2022 Moi University 2:2 Passport [PASSPORT_REDACTED],No KCSE English B 2014,UK,Public Health,Jan Intake 2026,Self Funded,[AMOUNT_REDACTED],,CLEAN,html,
Re_ Kenya Office - Counsellor Assessment Form - [NAME_REDACTED] - Good - 376414 -.eml[1].eml,376414,[NAME_REDACTED],Good,"Fri, 11 Apr 2025 16:43:02 +0300",Certificate in Nursing Assistance Pass 2024 KCSE D+ 2017,KCSE English C+,UK,Adult social care programme,July Intake,Parents,[AMOUNT_REDACTED],,CLEAN,html,
Re_ Kenya Office - Counsellor Assessment Form - [NAME_REDACTED] - Good - 386622 -.eml[1].eml,386622,[NAME_REDACTED],Good,"Mon, 26 May 2025 09:36:55 +0300",Diploma in Information Science 2012 Nursing Assistant January 2025 3months Practice Passport [PASSPORT_REDACTED],KCSE English IELTS,UK,BA in Social Work,Jan Intake 2026,Self Funded,[AMOUNT_REDACTED],,CLEAN,html,
Re_ Kenya Office - Counsellor Assessment Form - [NAME_REDACTED] - Good - 401786 -.eml[1].eml,401786,[NAME_REDACTED],Good,"Fri, 23 May 2025 18:47:36 +0300",Diploma in Criminology 2017 Moi University Pass Passport [PASSPORT_REDACTED] Emily Wanjiru Ndonga,KCSE English C 2014,UK,Business Related course,Jan Intake 2026,Parents,[AMOUNT_REDACTED],,CLEAN,html,
Re_ Kenya Office - Counsellor Assessment Form - [NAME_REDACTED] - Good - 406272 -.eml[1].eml,406272,[NAME_REDACTED],Good,"Fri, 13 Jun 2025 12:26:12 +0300",Bachelors in Criminology 2017 Karatina University 2:2 No Passport,No KCSE English B 2012,UK,MA in Criminology/Forensics,September Intake 2026,Parents,[AMOUNT_REDACTED],,CLEAN,html,
Re_ Kenya Office - Counsellor Assessment Form - [NAME_REDACTED] - Good - 405255 -.eml[1].eml,405255,[NAME_REDACTED],Good,"Fri, 30 May 2025 16:12:14 +0300",diploma in medical engineering 2023,no,UK,project management,jan 26,Self Funded,[AMOUNT_REDACTED],,CLEAN,html,
Re_ Kenya Office - Counsellor Assessment Form - [NAME_REDACTED] - Good - 405840 -.eml[1].eml,405840,[NAME_REDACTED],,"Wed, 04 Jun 2025 15:18:16 +0300",bachelor of science 2022,no,UK,cyber security and data protection,sep 2025,,[AMOUNT_REDACTED],,CHECK,html,
Re_ Kenya Office - Counsellor Assessment Form - [NAME_REDACTED] - Good - 406984 -.eml[1].eml,406984,[NAME_REDACTED],Good,"Wed, 04 Jun 2025 18:37:03 +0300",degree in medical 2019,no,UK,masters in public health,Jan 2026,Self Funded,[AMOUNT_REDACTED],,CLEAN,html,
Re_ Kenya Office - Counsellor Assessment Form - [NAME_REDACTED] - Good - 500700 -.eml[1].eml,500700,[NAME_REDACTED],Good,"Sat, 06 Dec 2025 11:59:24 +0300",KCSE Grade C+ in 2022,,UK,computer science,,Other family members or relatives,[AMOUNT_REDACTED],,CLEAN,html,
Re_ Kenya Office - Counsellor Assessment Form - [NAME_REDACTED] - Cold - 406767 -.eml[1].eml,406767,[NAME_REDACTED],Cold,"Mon, 09 Jun 2025 02:27:02 -0400",Bachelors in education cleared 2024,no,Uk,masters in education,september 2025,has no funds at the moment,[AMOUNT_REDACTED],,CLEAN,html,
Re_ Kenya Office - Counsellor Assessment Form - [NAME_REDACTED] - Cold - 406777 -.eml[1].eml,406777,[NAME_REDACTED],Cold,"Mon, 09 Jun 2025 02:36:03 -0400",Diploma in civil engineering cleared 2022,No,Uk,bachelors in civil engineering,september 2025,has no funds at the moment,[AMOUNT_REDACTED],,CLEAN,html,
Re_ Kenya Office - Counsellor Assessment Form - [NAME_REDACTED] - Cold - 406841 -.eml[1].eml,406841,[NAME_REDACTED],Cold,"Tue, 10 Jun 2025 09:00:11 -0400",Msc Food and dietetics,No Kcse,Uk,phd in public health,january 2026,has no funds at the moment,[AMOUNT_REDACTED],,CLEAN,html,
Re_ Kenya Office - Counsellor Assessment Form - [NAME_REDACTED] - Cold - 407070 -.eml[1].eml,407070,[NAME_REDACTED],Cold,"Mon, 09 Jun 2025 09:56:07 -0400",studying a diploma,No Kcse c+,Uk,bachelors degree in business,september 2025,has no funds at the moment,[AMOUNT_REDACTED],,CLEAN,html,
Re_ Kenya Office - Counsellor Assessment Form - [NAME_REDACTED] - Cold - 407072 -.eml[1].eml,407072,[NAME_REDACTED],Cold,"Mon, 09 Jun 2025 09:41:06 -0400",[UNIVERSITY],,,,,has no funds at the moment,[AMOUNT_REDACTED],,CLEAN,html,
Re_ Kenya Office - Counsellor Assessment Form - [NAME_REDACTED] - Good - -.eml[1].eml,,[NAME_REDACTED],Good,"Mon, 09 Jun 2025 19:54:24 +0300",BA IN ARCTURIALSCINEC CLEARED IN 2019 SCORED 1ST CLASS,NO kCSE B-,Uk,MASTERS IN ACTURAL SCIENCE,september 2025,Self Funded,[AMOUNT_REDACTED],,CHECK,html,
Re_ Kenya Office - Counsellor Assessment Form - [NAME_REDACTED] - Cold - 404421 -.eml[1].eml,404421,[NAME_REDACTED],Cold,"Fri, 06 Jun 2025 10:36:06 -0400",6/6 not interested at the moment no budget looking for scholarship,no,UK,project management,september 2025,looking for scholarship,[AMOUNT_REDACTED],,CLEAN,html,
Re_ Kenya Office - Counsellor Assessment Form - [NAME_REDACTED] - Cold - 405468 -.eml[1].eml,405468,[NAME_REDACTED],Cold,"Fri, 06 Jun 2025 10:43:03 -0400",6/6 interested in pursuing a BA in Project management Passport not ready looking for scholarship on set budget,no,UK,project management,september 2025,looking for scholarship,[AMOUNT_REDACTED],,CLEAN,html,
Re_ Kenya Office - Counsellor Assessment Form - [NAME_REDACTED] - Cold - 406241 -.eml[1].eml,406241,[NAME_REDACTED],Cold,"Sat, 07 Jun 2025 06:15:04 -0400",6/7 looking for scholarship KCSE grade D minus year 2022 interested in a BSc in civil engineering no passport,no,UK,civil engineering,september 2025,looking for scholarship,[AMOUNT_REDACTED],,CLEAN,html,
Re_ Kenya Office - Counsellor Assessment Form - [NAME_REDACTED] - Cold - 406242 -.eml[1].eml,406242,[NAME_REDACTED],Cold,"Sat, 07 Jun 2025 06:21:04 -0400",6/7 no budget atm looking for scholarship program interested in project management september 2025 intake no passport,no,UK,project management,september 2025,looking for scholarship,[AMOUNT_REDACTED],,CLEAN,html,
Re_ Kenya Office - Counsellor Assessment Form - [NAME_REDACTED] - Cold - 406245 -.eml[1].eml,406245,[NAME_REDACTED],Cold,"Sat, 07 Jun 2025 09:27:03 -0400",6/7 interested in a nursing program September 2025 intake no set budget looking for scholarship KCSE B plus passport ready,no,UK,Nursing,september 2025,looking for scholarship,[AMOUNT_REDACTED],,CLEAN,html,
Re_ Kenya Office - Counsellor Assessment Form - [NAME_REDACTED] - Cold - 406247 -.eml[1].eml,406247,[NAME_REDACTED],Cold,"Sat, 07 Jun 2025 09:32:02 -0400",6/7 looking for a nursing program No budget looking for scholarship no passport Intake 2025,no,UK,Nursing,september 2025,looking for scholarship,[AMOUNT_REDACTED],,CLEAN,html,
Re_ Kenya Office - Counsellor Assessment Form - [NAME_REDACTED] - Cold - 406249 -.eml[1].eml,406249,[NAME_REDACTED],Cold,"Sat, 07 Jun 2025 09:34:05 -0400",6/7 looking for a psychology program No budget looking for scholarship no passport Intake 2025,no,UK,psychology,september 2025,looking for scholarship,[AMOUNT_REDACTED],,CLEAN,html,
Re_ Kenya Office - Counsellor Assessment Form - [NAME_REDACTED] - Cold - 406251 -.eml[1].eml,406251,[NAME_REDACTED],Cold,"Sat, 07 Jun 2025 10:47:03 -0400",6/7 interested in a Masters program Looking for scholarship no set budget passport available was interested in the september 2025 intake,NO,UK,business related MA,september 2025,looking for scholarship,[AMOUNT_REDACTED],,CLEAN,html,
Re_ Kenya Office - Counsellor Assessment Form - [NAME_REDACTED] - Cold - 406588 -.eml[1].eml,406588,[NAME_REDACTED],Cold,"Fri, 06 Jun 2025 11:00:07 -0400",6/6 looking for scholarship looking to pursue a degree in occupational therapy no set budget atm looking for scholarship,no,UK,occupational therapy,september 2025,looking for scholarship,[AMOUNT_REDACTED],,CLEAN,html,
Re_ Kenya Office - Counsellor Assessment Form - [NAME_REDACTED] - Cold - 406597 -.eml[1].eml,406597,[NAME_REDACTED],Cold,"Fri, 06 Jun 2025 08:23:03 -0400",6/6 no set budget looking for an online program in nursing,no,UK,online nursing,september 2025,looking for scholarship,[AMOUNT_REDACTED],,CLEAN,html,
Re_ Kenya Office - Counsellor Assessment Form - [NAME_REDACTED] - Cold - 406615 -.eml[1].eml,406615,[NAME_REDACTED],Cold,"Tue, 10 Jun 2025 08:10:03 -0400",10/6 looking for a scholarship looking to pursue a program in fashion and textile has done a short program in hospitality management,no,UK,fashion and textile,september 2025,looking for scholarship funding,[AMOUNT_REDACTED],,CLEAN,html,
Re_ Kenya Office - Counsellor Assessment Form - [NAME_REDACTED] - Cold - 406631 -.eml[1].eml,406631,[NAME_REDACTED],Cold,"Fri, 06 Jun 2025 09:16:06 -0400",6/6 looking for scholarship no set budget atm,no,UK,nutrition and dietetics,september 2025,looking for scholarship,[AMOUNT_REDACTED],,CLEAN,html,
Re_ Kenya Office - Counsellor Assessment Form - [NAME_REDACTED] - Cold - 406737 -.eml[1].eml,406737,[NAME_REDACTED],Cold,"Sat, 07 Jun 2025 10:57:02 -0400",6/7 looking to pursue a degree in electrical engineering but due to his grade and lack of funds is opting to first pursue a diploma locally,no,UK,engineering,september 2025,looking for scholarship,[AMOUNT_REDACTED],,CLEAN,html,
Re_ Kenya Office - Counsellor Assessment Form - [NAME_REDACTED] - Cold - 406747 -.eml[1].eml,406747,[NAME_REDACTED],Cold,"Fri, 06 Jun 2025 10:01:03 -0400",6/6 not interested at the moment looking for a scholarship,no,UK,data science,september 2025,looking for scholarship,[AMOUNT_REDACTED],,CLEAN,html,
Re_ Kenya Office - Counsellor Assessment Form - [NAME_REDACTED] - Cold - 406750 -.eml[1].eml,406750,[NAME_REDACTED],Cold,"Sat, 07 Jun 2025 05:27:03 -0400",6/7 completed KCSE in 2022 grade D plus looking for scholarship interested in a public health BSc no passport,no,UK,public health,september 2025,looking for scholarship,[AMOUNT_REDACTED],,CLEAN,html,
Re_ Kenya Office - Counsellor Assessment Form - [NAME_REDACTED] - Cold - 406755 -.eml[1].eml,406755,[NAME_REDACTED],Cold,"Sat, 07 Jun 2025 11:08:05 -0400",6/7 looking for a scholarship no source of funds atm no passport interested in a BA in financial technology,no,UK,financial technology,september 2025,looking for scholarship,[AMOUNT_REDACTED],,CLEAN,html,
Re_ Kenya Office - Counsellor Assessment Form - [NAME_REDACTED] - Cold - 406147 -.eml[1].eml,406147,[NAME_REDACTED],,"Mon, 09 Jun 2025 11:12:04 -0400",KCSE C 2002 Diploma in Psychological Counseling 2012,No,UK,Nursing,January 2026,,[AMOUNT_REDACTED],,CHECK,html,
Re_ Kenya Office - Counsellor Assessment Form - [NAME_REDACTED] - Cold - 407006 -.eml[1].eml,407006,[NAME_REDACTED],Cold,"Mon, 09 Jun 2025 10:44:07 -0400",KCSE C 2009 Diploma in Air travellers,No,Germany,Caregiving,January 2026,No source of funds,[AMOUNT_REDACTED],,CLEAN,html,
Re_ Kenya Office - Counsellor Assessment Form - [NAME_REDACTED] - Cold - 407011 -.eml[1].eml,407011,[NAME_REDACTED],Cold,"Mon, 09 Jun 2025 10:36:05 -0400",MSC Early childhood education BSC Early childhood education KCSE C- 1995,No,"UK, Canada, Australia",BSC in Theology,January 2026,No source of funds,[AMOUNT_REDACTED],,CLEAN,html,
Re_ Kenya Office - Counsellor Assessment Form - [NAME_REDACTED] - Cold - 407013 -.eml[1].eml,407013,[NAME_REDACTED],Cold,"Mon, 09 Jun 2025 10:29:05 -0400",KCSE D- 2024,No,Germany,construction,September,No source of funds,[AMOUNT_REDACTED],,CLEAN,html,
Re_ Kenya Office - Counsellor Assessment Form - [NAME_REDACTED] - Cold - 407015 -.eml[1].eml,407015,[NAME_REDACTED],Cold,"Mon, 09 Jun 2025 10:25:05 -0400","Bachelors of science in chemistry, second class upper lower division 2023 KCSE C+ 2018",No,UK,Laboratory technician,January 2026,Wanted a full scholarship,[AMOUNT_REDACTED],,CLEAN,html,
Re_ Kenya Office - Counsellor Assessment Form - [NAME_REDACTED] - Cold - 407019 -.eml[1].eml,407019,[NAME_REDACTED],Cold,"Mon, 09 Jun 2025 10:13:06 -0400",IGCSE 2024 yet to retake 2 subjects,No,yet to decide,Public health,January 2026,Waiting to complete course work,[AMOUNT_REDACTED],,CLEAN,html,
Re_ Kenya Office - Counsellor Assessment Form - [NAME_REDACTED] - Cold - 407020 -.eml[1].eml,407020,[NAME_REDACTED],Cold,"Mon, 09 Jun 2025 10:13:04 -0400",KCSE B- 2024,No,UK,Education,September,No source of funds,[AMOUNT_REDACTED],,CLEAN,html,
Re_ Kenya Office - Counsellor Assessment Form - [NAME_REDACTED] - Cold - 407022 -.eml[1].eml,407022,[NAME_REDACTED],Cold,"Mon, 09 Jun 2025 11:00:10 -0400",KCSE A- 2024,No,Germany,Computer science,January 2026,No source of funds,[AMOUNT_REDACTED],,CLEAN,html,
Re_ Kenya Office - Counsellor Assessment Form - [NAME_REDACTED] - Good - 407001 -.eml[1].eml,407001,[NAME_REDACTED],Good,"Mon, 09 Jun 2025 20:44:16 +0300",Diploma in theology and counselling 2015 Bachelors in Theology yet to complete next year KCSE C 2008,No,Yet to decide,"Public and administration, psychology and counselling, business administration , Theology",January 2026,Self Funded,[AMOUNT_REDACTED],,CLEAN,html,
Re_ Kenya Office - Counsellor Assessment Form - [NAME_REDACTED] - Cold - 406960 -.eml[1].eml,406960,[NAME_REDACTED],,"Mon, 09 Jun 2025 09:59:04 -0400",NA,no english test done,uk,any,sep 2026,Doing a general inquiry to do preparations next year,NA,,CHECK,html,
Re_ Kenya Office - Counsellor Assessment Form - [NAME_REDACTED] - Cold - 406963 -.eml[1].eml,406963,[NAME_REDACTED],,"Mon, 09 Jun 2025 10:25:07 -0400",NA,no test taken,UK,nursing,sep 2025,LOOKING FOR SCHOLARSHIP,NA,,CHECK,html,
Re_ Kenya Office - Counsellor Assessment Form - [NAME_REDACTED] - Cold - 406964 -.eml[1].eml,406964,[NAME_REDACTED],Cold,"Mon, 09 Jun 2025 10:32:03 -0400",KCSE 2024,HAS NOT DONE ANY ENGLISH TEST,UK,LAW,SEP 2025,Parents,[AMOUNT_REDACTED],,CLEAN,html,
Re_ Kenya Office - Counsellor Assessment Form - [NAME_REDACTED] - Cold - 406993 -.eml[1].eml,406993,[NAME_REDACTED],,"Mon, 09 Jun 2025 10:52:06 -0400",NA,No Test taken,UK,top up in IT,sep 2025,looking for scholarship,NA,,CHECK,html,
Re_ Kenya Office - Counsellor Assessment Form - [NAME_REDACTED] - Good - 406961 -.eml[1].eml,406961,[NAME_REDACTED],Good,"Mon, 09 Jun 2025 20:45:24 +0300",bachelor 2018,has taken TOEFL exam last Year,UK,masters in data analytics,sep 2025,Self Funded,[AMOUNT_REDACTED],,CLEAN,html,
Re_ Kenya Office - Counsellor Assessment Form - [NAME_REDACTED] - Cold - 405630 -.eml[1].eml,405630,[NAME_REDACTED],,"Wed, 11 Jun 2025 13:11:16 -0400",Diploma in Education 2020 Tabach TTI Pass No Passport,KCSE English C- 2017,UK,BA in Education,Jan Intake 2026,,[AMOUNT_REDACTED],,CHECK,html,
Re_ Kenya Office - Counsellor Assessment Form - [NAME_REDACTED] - Cold - 405655 -.eml[1].eml,405655,[NAME_REDACTED],Cold,"Mon, 09 Jun 2025 11:21:06 -0400",Diploma in Cooperative Management Dec 2025 No Passport,KCSE English C+ 2022,UK,Bsc in Accounting,September Intake 2026,Parents,[AMOUNT_REDACTED],,CLEAN,html,
Re_ Kenya Office - Counsellor Assessment Form - [NAME_REDACTED] - Cold - 405722 -.eml[1].eml,405722,[NAME_REDACTED],Cold,"Wed, 11 Jun 2025 13:11:35 -0400",KCSE D+ 2023 Certificate in Electrical Engineering April 2025 No Passport,,UK,Electrical Engineering,September Intake 2025,Scholarship,[AMOUNT_REDACTED],,CLEAN,html,
Re_ Kenya Office - Counsellor Assessment Form - [NAME_REDACTED] - Cold - 406257 -.eml[1].eml,406257,[NAME_REDACTED],Cold,"Thu, 12 Jun 2025 03:13:11 -0400",KCSE B+ 2013 No Passport,,UK,Mechanical Engineering,Jan Intake 2026,Scholarship,[AMOUNT_REDACTED],,CLEAN,html,
Re_ Kenya Office - Counsellor Assessment Form - [NAME_REDACTED] - Cold - 406278 -.eml[1].eml,406278,[NAME_REDACTED],Cold,"Wed, 11 Jun 2025 10:43:03 -0400",KCSE C+ 2024 No Passport,,,Finance,Jan Intake 2026,Scholarship,[AMOUNT_REDACTED],,CLEAN,html,
Re_ Kenya Office - Counsellor Assessment Form - [NAME_REDACTED] - Good - 404873 -.eml[1].eml,404873,[NAME_REDACTED],Good,"Tue, 10 Jun 2025 18:05:24 +0300",KCSE A- 2024 Passport [PASSPORT_REDACTED],KCSE English A,UK,Bsc in Information Technology,September Intake 2025,Parents,[AMOUNT_REDACTED],,CLEAN,html,
Re_ Kenya Office - Counsellor Assessment Form - [NAME_REDACTED] - Good - 404973 -.eml[1].eml,404973,[NAME_REDACTED],Good,"Mon, 09 Jun 2025 19:54:09 +0300",HND in Psychiatry Nursing KMTC 2019 Registered Nurse Passport [PASSPORT_REDACTED],No,UK,Psycology,Jan Intake 2026,Self Funded,[AMOUNT_REDACTED],,CLEAN,html,
Re_ Kenya Office - Counsellor Assessment Form - [NAME_REDACTED] - Good - 405122 -.eml[1].eml,405122,[NAME_REDACTED],Good,"Thu, 12 Jun 2025 11:04:33 +0300",KCSE C 2024 Passport [PASSPORT_REDACTED],KCSE English C+,UK,Bsc in Finance,September Intake 2025,Parents,[AMOUNT_REDACTED],,CLEAN,html,
Re_ Kenya Office - Counsellor Assessment Form - [NAME_REDACTED] - Good - 405708 -.eml[1].eml,405708,[NAME_REDACTED],Good,"Thu, 12 Jun 2025 11:44:15 +0300",Bachelors of Commerce in Operations Management 2018 2:2 Online,No KCSE English B- 2009,UK,Finance and risk Management,September Intake 2025,Self Funded,[AMOUNT_REDACTED],,CLEAN,html,
Re_ Kenya Office - Counsellor Assessment Form - [NAME_REDACTED] - Good - 406281 -.eml[1].eml,406281,[NAME_REDACTED],Good,"Thu, 12 Jun 2025 11:50:52 +0300",Bachelors in Psychology CUEA 3Years Passport [PASSPORT_REDACTED],Duolingo 150 minimum,UK,Psychology,September Intake 2025,Parents,[AMOUNT_REDACTED],,CLEAN,html,
Re_ Kenya Office - Counsellor Assessment Form - [NAME_REDACTED] - Good - 406915 -.eml[1].eml,406915,[NAME_REDACTED],Good,"Thu, 12 Jun 2025 11:51:58 +0300",Diploma in animal health and production and artificial insemination 2019 Baraton College Pass Passport [PASSPORT_REDACTED],IELTS Academic overall 5.5 minimum 5.0 2023 KCSE English C,UK,Agricultural Course,September Intake 2025,Parents,[AMOUNT_REDACTED],,CLEAN,html,
Re_ Kenya Office - Counsellor Assessment Form - [NAME_REDACTED] - Cold - 406934 -.eml[1].eml,406934,[NAME_REDACTED],Cold,"Mon, 09 Jun 2025 09:20:05 -0400",KCSE C 2009 DIPLOMA IN HR,no,UK,project management,sep 2025,"scholarship,arranging finances",[AMOUNT_REDACTED],,CLEAN,html,
Re_ Kenya Office - Counsellor Assessment Form - [NAME_REDACTED] - Cold - 406945 -.eml[1].eml,406945,[NAME_REDACTED],Cold,"Mon, 09 Jun 2025 08:59:02 -0400",kcse 2018,no,UK,mechanical engineering,jan 2026,Lack of finances,[AMOUNT_REDACTED],,CLEAN,html,
Re_ Kenya Office - Counsellor Assessment Form - [NAME_REDACTED] - Cold - 406949 -.eml[1].eml,406949,[NAME_REDACTED],Cold,"Mon, 09 Jun 2025 08:43:03 -0400",kcse B- 2024,no,UK,certficate in community health nursing,sep 2025,scholarships,[AMOUNT_REDACTED],,CLEAN,html,
Re_ Kenya Office - Counsellor Assessment Form - [NAME_REDACTED] - Cold - - 406814.eml[1].eml,406814,[NAME_REDACTED],Cold,"Wed, 04 Jun 2025 07:15:12 -0400",High school scored a c- Cleared 2023,no,Uk,bachelors not sure which one,september 2025,has no funds,[AMOUNT_REDACTED],,CLEAN,html,
Re_ Kenya Office - Counsellor Assessment Form - [NAME_REDACTED] - Cold - 406760 -.eml[1].eml,406760,[NAME_REDACTED],Cold,"Wed, 04 Jun 2025 10:01:06 -0400",Bachelors in mechatorinic engineering,no Kcse c+,Uk,masters,january 2026,Will check the funds and get back,[AMOUNT_REDACTED],,CLEAN,html,
Re_ Kenya Office - Counsellor Assessment Form - [NAME_REDACTED] - Cold - 406797 -.eml[1].eml,406797,[NAME_REDACTED],Cold,"Wed, 04 Jun 2025 08:59:06 -0400",High school scored a B-,NO,Uk,Medicine,september 2025,has no funds at the moment,[AMOUNT_REDACTED],,CLEAN,html,
Re_ Kenya Office - Counsellor Assessment Form - [NAME_REDACTED] - Cold - 406798 -.eml[1].eml,406798,[NAME_REDACTED],Cold,"Wed, 04 Jun 2025 08:50:05 -0400",high school scored a c-,no,Uk,bachelors in criminology,,has no funds at the moment,[AMOUNT_REDACTED],,CLEAN,html,
Re_ Kenya Office - Counsellor Assessment Form - [NAME_REDACTED] - Cold - 406800 -.eml[1].eml,406800,[NAME_REDACTED],Cold,"Wed, 04 Jun 2025 08:41:07 -0400",Studying his bachelors,,,,,wants a full scolarship,[AMOUNT_REDACTED],,CLEAN,html,
Re_ Kenya Office - Counsellor Assessment Form - [NAME_REDACTED] - Cold - 406806 -.eml[1].eml,406806,[NAME_REDACTED],Cold,"Wed, 04 Jun 2025 08:40:10 -0400",Diploma in nursing from Kmtc celared 2016 Registered,no Kcse c+,uk,Bachelors in nursing,january 2026,Still not sure about the funds will get back once he checks them out,[AMOUNT_REDACTED],,CLEAN,html,
Re_ Kenya Office - Counsellor Assessment Form - [NAME_REDACTED] - Cold - 406808 -.eml[1].eml,406808,[NAME_REDACTED],Cold,"Wed, 04 Jun 2025 08:08:03 -0400",Masters in parasitology cleared in 2021,no,Uk,phd,january 2026,has no funds at the moment,[AMOUNT_REDACTED],,CLEAN,html,
Re_ Kenya Office - Counsellor Assessment Form - [NAME_REDACTED] - Cold - 406212 -.eml[1].eml,406212,[NAME_REDACTED],Cold,"Wed, 04 Jun 2025 10:10:04 -0400",4/6 No working budget at the moment no passport looking to pursue a cyber security program looking for scholarship will not be available for the open day,no,UK,cyber security degree,september 2025,looking for scholarship funding,[AMOUNT_REDACTED],,CLEAN,html,
Re_ Kenya Office - Counsellor Assessment Form - [NAME_REDACTED] - Cold - 406228 -.eml[1].eml,406228,[NAME_REDACTED],Cold,"Wed, 04 Jun 2025 10:33:08 -0400",4/6 interested in a masters program in line with cyber security will be available for the open day No set budget at the moment No specific location interested in Passport ready,,UK,cyber security,september 2025,looking for scholarship funding,[AMOUNT_REDACTED],,CLEAN,html,
Re_ Kenya Office - Counsellor Assessment Form - [NAME_REDACTED] - Cold - 406229 -.eml[1].eml,406229,[NAME_REDACTED],Cold,"Wed, 04 Jun 2025 10:41:07 -0400",4/6 no source of funds atm will not be available for the open day looking for scholarship,no,UK,business related degree,september 2025,looking for scholarship funding,[AMOUNT_REDACTED],,CLEAN,html,
Re_ Kenya Office - Counsellor Assessment Form - [NAME_REDACTED] - Cold - 406230 -.eml[1].eml,406230,[NAME_REDACTED],Cold,"Wed, 04 Jun 2025 11:17:06 -0400",4/6 looking for a cyber security program looking for scholarship no set budget atm will not be available for the open day,no,UK,cyber security degree,september 2025,looking for scholarship funding,[AMOUNT_REDACTED],,CLEAN,html,
Re_ Kenya Office - Counsellor Assessment Form - [NAME_REDACTED] - Cold - 406597 -.eml[1].eml,406597,[NAME_REDACTED],Cold,"Fri, 06 Jun 2025 08:23:03 -0400",6/6 no set budget looking for an online program in nursing,no,UK,online nursing,september 2025,looking for scholarship,[AMOUNT_REDACTED],,CLEAN,html,
Re_ Kenya Office - Counsellor Assessment Form - [NAME_REDACTED] - Cold - 406749 -.eml[1].eml,406749,[NAME_REDACTED],Cold,"Fri, 06 Jun 2025 08:21:03 -0400",6/6 interested in a nursing top up september 2025 intake interested in the sunderland top up but will present more options to work on docs to try and push the application,No,UK,Nursing top up,september 2025,looking for scholarship,[AMOUNT_REDACTED],,CLEAN,html,
Re_ Kenya Office - Counsellor Assessment Form - [NAME_REDACTED] - Cold - 406115 -.eml[1].eml,406115,[NAME_REDACTED],Cold,"Thu, 05 Jun 2025 08:58:06 -0400",Bachelors in Nursing 2023 KCSE B- 2018,No,UK,msc midwifery,January 2026,To confirm with parents,[AMOUNT_REDACTED],,CLEAN,html,
Re_ Kenya Office - Counsellor Assessment Form - [NAME_REDACTED] - Cold - 406124 -.eml[1].eml,406124,[NAME_REDACTED],Cold,"Thu, 05 Jun 2025 04:49:03 -0400",KCSE C 2013,No,UK,"Nursing, animal husbandry",September,To confirm with sponsor,[AMOUNT_REDACTED],,CLEAN,html,
Re_ Kenya Office - Counsellor Assessment Form - [NAME_REDACTED] - Cold - 406126 -.eml[1].eml,406126,[NAME_REDACTED],Cold,"Thu, 05 Jun 2025 07:42:05 -0400",KCSE C+ 2001 DIPLOMA Education 2013 did only one year,No,Germany,Civil Engineering/software engineering,January 2026,No source of funds,[AMOUNT_REDACTED],,CLEAN,html,
Re_ Kenya Office - Counsellor Assessment Form - [NAME_REDACTED] - Cold - 406130 -.eml[1].eml,406130,[NAME_REDACTED],Cold,"Thu, 05 Jun 2025 04:31:06 -0400",KCSE D 2021,No,UK,Fashion and design,September,No source of funds,[AMOUNT_REDACTED],,CLEAN,html,
Re_ Kenya Office - Counsellor Assessment Form - [NAME_REDACTED] - Cold - 406131 -.eml[1].eml,406131,[NAME_REDACTED],Cold,"Thu, 05 Jun 2025 03:27:03 -0400",KCSE B- 2024,No,UK,Electrical engineering,September,No source of funds,[AMOUNT_REDACTED],,CLEAN,html,
Re_ Kenya Office - Counsellor Assessment Form - [NAME_REDACTED] - Cold - 406132 -.eml[1].eml,406132,[NAME_REDACTED],Cold,"Thu, 05 Jun 2025 03:06:05 -0400",KCSE B- 2024,No,UK,Epidemiology and biostatistics,September,No source of funds,[AMOUNT_REDACTED],,CLEAN,html,
Re_ Kenya Office - Counsellor Assessment Form - [NAME_REDACTED] - Cold - 406153 -.eml[1].eml,406153,[NAME_REDACTED],Cold,"Thu, 05 Jun 2025 02:40:06 -0400",KCSE D 2024,No,UK,Nursing,Yet to decide,No source of funds,[AMOUNT_REDACTED],,CLEAN,html,
Re_ Kenya Office - Counsellor Assessment Form - [NAME_REDACTED] - Cold - 406156 -.eml[1].eml,406156,[NAME_REDACTED],Cold,"Thu, 05 Jun 2025 02:40:04 -0400",KCSE C+ 2024,No,Dubai,Education,September,No source of funds,[AMOUNT_REDACTED],,CLEAN,html,
Re_ Kenya Office - Counsellor Assessment Form - [NAME_REDACTED] - Cold - 406161 -.eml[1].eml,406161,[NAME_REDACTED],Cold,"Wed, 04 Jun 2025 10:34:07 -0400",KCSE D+ 2024,No,UK,Fashion and design,September,No source of funds,[AMOUNT_REDACTED],,CLEAN,html,
Re_ Kenya Office - Counsellor Assessment Form - [NAME_REDACTED] - Cold - 406162 -.eml[1].eml,406162,[NAME_REDACTED],Cold,"Thu, 05 Jun 2025 09:02:03 -0400",KCSE D 2022,No,"UK, Germany",Nursing,September,No source of funds,[AMOUNT_REDACTED],,CLEAN,html,
Re_ Kenya Office - Counsellor Assessment Form - [NAME_REDACTED] - Cold - 406185 -.eml[1].eml,406185,[NAME_REDACTED],Cold,"Thu, 05 Jun 2025 02:56:05 -0400",KCSE C- 2022,No,UK,Interior design,Yet to decide,No source of funds,[AMOUNT_REDACTED],,CLEAN,html,
Re_ Kenya Office - Counsellor Assessment Form - [NAME_REDACTED] - Cold - 406194 -.eml[1].eml,406194,[NAME_REDACTED],Cold,"Wed, 04 Jun 2025 11:04:06 -0400",KCSE D 2018,No,Dubai,Electrical engineering,January 2026,No source of funds,[AMOUNT_REDACTED],,CLEAN,html,
Re_ Kenya Office - Counsellor Assessment Form - [NAME_REDACTED] - Cold - 406210 -.eml[1].eml,406210,[NAME_REDACTED],Cold,"Wed, 04 Jun 2025 10:02:06 -0400",Diploma in animal health and production ongoing internship to get his license KCSE C 2019,No,UK,animal health and production,May,Not ready to proceed,[AMOUNT_REDACTED],,CLEAN,html,
Re_ Kenya Office - Counsellor Assessment Form - [NAME_REDACTED] - Cold - 406480 -.eml[1].eml,406480,[NAME_REDACTED],Cold,"Wed, 04 Jun 2025 11:15:07 -0400",KCSE C- 2021 Certificate in ICT,No,,Agriculture,September,No source of funds,[AMOUNT_REDACTED],,CLEAN,html,
Re_ Kenya Office - Counsellor Assessment Form - [NAME_REDACTED] - Cold - 406488 -.eml[1].eml,406488,[NAME_REDACTED],Cold,"Thu, 05 Jun 2025 04:11:05 -0400",Certificate automotive engineering 2024 KCSE D+ 2021,No,Germany,Business management,September,No source of funds,[AMOUNT_REDACTED],,CLEAN,html,
Re_ Kenya Office - Counsellor Assessment Form - [NAME_REDACTED] - Cold - 406533 -.eml[1].eml,406533,[NAME_REDACTED],Cold,"Wed, 04 Jun 2025 11:44:07 -0400",Diploma in Social work KCSE C 2023,No,UK,Public health,January 2026,To confirm with parents,[AMOUNT_REDACTED],,CLEAN,html,
Re_ Kenya Office - Counsellor Assessment Form - [NAME_REDACTED] - Cold - 405900 -.eml[1].eml,405900,[NAME_REDACTED],,"Wed, 04 Jun 2025 08:28:06 -0400",NA,no english test done,UK,any,JAN 2026,JUST DOING A GENERAL IONQUIRYTO KNOW IF ITS AFFORDABLE,NA,,CHECK,html,
Re_ Kenya Office - Counsellor Assessment Form - [NAME_REDACTED] - Cold - 405908 -.eml[1].eml,405908,[NAME_REDACTED],Cold,"Wed, 04 Jun 2025 08:19:04 -0400",bachelors 2023,no proficiecy test done,UK,masters in physiotherapy,sep 2025,Self Funded,[AMOUNT_REDACTED],,CLEAN,html,
Re_ Kenya Office - Counsellor Assessment Form - [NAME_REDACTED] - Cold - 405930 -.eml[1].eml,405930,[NAME_REDACTED],,"Wed, 04 Jun 2025 09:14:04 -0400",NA,no English test Done,UK,masters in science biology,sep 2025,NA,NA,,CHECK,html,
Re_ Kenya Office - Counsellor Assessment Form - [NAME_REDACTED] - Cold - 405941 -.eml[1].eml,405941,[NAME_REDACTED],,"Wed, 04 Jun 2025 09:33:04 -0400",NA,no english test done,UK,masters in finance,JAN 2026,NA,NA,,CHECK,html,
Re_ Kenya Office - Counsellor Assessment Form - [NAME_REDACTED] - Cold - 406061 -.eml[1].eml,406061,[NAME_REDACTED],,"Wed, 04 Jun 2025 09:43:03 -0400",DIPLOMA IN SOCIAL WORK,NO IELTS TEST TAKEN,UK,SOCIAL WORK,SEPTEMBER 2025,,NA,,CHECK,html,
Re_ Kenya Office - Counsellor Assessment Form - [NAME_REDACTED] - Cold - 406091 -.eml[1].eml,406091,[NAME_REDACTED],,"Wed, 04 Jun 2025 08:08:05 -0400",NA,no english test taken,UK,bachelors in finance,sep 2025,STUDENT TO MAKE BUDGET FIRST AND KEEP ME UPDATED,NA,,CHECK,html,
Re_ Kenya Office - Counsellor Assessment Form - [NAME_REDACTED] - Cold - 406096 -.eml[1].eml,406096,[NAME_REDACTED],Cold,"Wed, 04 Jun 2025 07:40:07 -0400",kcse 2019,no test taken,UK,hospitality an tourism,JAN 2026,looking for scholarship,[AMOUNT_REDACTED],,CLEAN,html,
Re_ Kenya Office - Counsellor Assessment Form - [NAME_REDACTED] - Good - 406109 -.eml[1].eml,406109,[NAME_REDACTED],Good,"Wed, 04 Jun 2025 13:49:06 +0300",bachelor 2019,,UK,mba/project management,sep 2025,Self Funded,[AMOUNT_REDACTED],,CLEAN,html,
Re_ Kenya Office - Counsellor Assessment Form - [NAME_REDACTED] - Good - 406260 -.eml[1].eml,406260,[NAME_REDACTED],Good,"Wed, 04 Jun 2025 15:19:32 +0300",Bachelors in Applied Statistics Maseno University 2016 2:2 Passport [PASSPORT_REDACTED],Duolingo Overall 130 Minimum 125 -2025,UK,MBA/Finance,September Intake 2025,Self Funded,[AMOUNT_REDACTED],,CLEAN,html,
Re_ Kenya Office - Counsellor Assessment Form - [NAME_REDACTED] - Cold - 405805 -.eml[1].eml,405805,[NAME_REDACTED],Cold,"Thu, 05 Jun 2025 10:21:03 -0400",Kcse B- 2022,no,UK,public health,sep 2025,scholarship,[AMOUNT_REDACTED],,CLEAN,html,
Re_ Kenya Office - Counsellor Assessment Form - [NAME_REDACTED] - Cold - 405830 -.eml[1].eml,405830,[NAME_REDACTED],Cold,"Wed, 04 Jun 2025 08:29:09 -0400",kcse C+ 2024,no,UK,Nursing,sep 2025,scholarship,[AMOUNT_REDACTED],,CLEAN,html,
Re_ Kenya Office - Counsellor Assessment Form - [NAME_REDACTED] - Cold - 405864 -.eml[1].eml,405864,[NAME_REDACTED],Cold,"Wed, 04 Jun 2025 06:29:11 -0400",bachelors,no,UK,architecture,sep 2025,scholarship,[AMOUNT_REDACTED],,CLEAN,html,
Re_ Kenya Office - Counsellor Assessment Form - [NAME_REDACTED] - Cold - 405866 -.eml[1].eml,405866,[NAME_REDACTED],Cold,"Wed, 04 Jun 2025 06:14:03 -0400",kcse c 2024,no,UK,Nursing,sep 2025,Lack of finances,[AMOUNT_REDACTED],,CLEAN,html,
Re_ Kenya Office - Counsellor Assessment Form - [NAME_REDACTED] - Cold - 405881 -.eml[1].eml,405881,[NAME_REDACTED],,"Wed, 04 Jun 2025 05:54:04 -0400","bachelor ,science environmental 2019",no,UK,civil engineering,Jan 2026,,[AMOUNT_REDACTED],,CHECK,html,
Re_ Kenya Office - Counsellor Assessment Form - [NAME_REDACTED] - Cold - 406977 -.eml[1].eml,406977,[NAME_REDACTED],Cold,"Wed, 04 Jun 2025 11:19:06 -0400",Bachelor in education 2024,no,UK,statistics,sep 2025,scholarship,[AMOUNT_REDACTED],,CLEAN,html,
Re_ Kenya Office - Counsellor Assessment Form - [NAME_REDACTED] - Cold - 406982 -.eml[1].eml,406982,[NAME_REDACTED],Cold,"Wed, 04 Jun 2025 11:13:03 -0400",kcse D 2022,no,UK,cyber security,sep 2025,Lack of finances,[AMOUNT_REDACTED],,CLEAN,html,
Re_ Kenya Office - Counsellor Assessment Form - [NAME_REDACTED] - Cold - 406985 -.eml[1].eml,406985,[NAME_REDACTED],Cold,"Wed, 04 Jun 2025 10:55:04 -0400",Kcse c,no,UK,International diplomacy,sep 2025,fully funded scholarship,[AMOUNT_REDACTED],,CLEAN,html,
Re_ Kenya Office - Counsellor Assessment Form - [NAME_REDACTED] - Cold - 406988 -.eml[1].eml,406988,[NAME_REDACTED],,"Wed, 04 Jun 2025 10:46:06 -0400",Kcse 2021,no,UK,computer science,sep 2025,,[AMOUNT_REDACTED],,CHECK,html,
Re_ Kenya Office - Counsellor Assessment Form - [NAME_REDACTED] - Good - 405812 -.eml[1].eml,405812,[NAME_REDACTED],Good,"Wed, 04 Jun 2025 16:18:44 +0300",Kcse 2023,NO,UK,fashion and textile,sep 2025,Parents,[AMOUNT_REDACTED],,CLEAN,html,
Re_ Kenya Office - Counsellor Assessment Form - [NAME_REDACTED] - Excellent - - [PHONE_REDACTED].eml[1].eml,,[NAME_REDACTED],Excellent,"Wed, 04 Jun 2025 09:32:05 -0400",Colin [PHONE_REDACTED] Referred by someone in UK Have a family company and wants bro who is future director to go to UK Bro KCSE 2023 B- Has PP PTE 58 English,,UK,Business,,Parents,[AMOUNT_REDACTED],,CHECK,html,
Re_ Kenya Office - Counsellor Assessment Form - [NAME_REDACTED] - Good - - [PHONE_REDACTED].eml[1].eml,,[NAME_REDACTED],Good,"Thu, 05 Jun 2025 10:13:06 -0400","Amon [PHONE_REDACTED] East London Sept intake PG CERT in physics, Has offer letter and wants to pay the deposit Has gotten offer and asked to pay 1500 pounds Is asking if they will need the full deposit or just 1500 pounds. Does not funds to pay full deposit and POF",,UK,PGCE,Sept 2025,Self Funded,[AMOUNT_REDACTED],,CHECK,html,
Re_ Kenya Office - Counsellor Assessment Form - [NAME_REDACTED] - Cold - -.eml[1].eml,,[NAME_REDACTED],Cold,"Wed, 04 Jun 2025 04:14:05 -0400",masters in history,no,Uk,phd,september 2025,has no funds,[AMOUNT_REDACTED],,CHECK,html,
Re_ Kenya Office - Counsellor Assessment Form - [NAME_REDACTED] - Cold - 406633 -.eml[1].eml,406633,[NAME_REDACTED],Cold,"Tue, 03 Jun 2025 10:32:05 -0400",High school c+,no,Uk,bachelors in construction,september 2025,Applicant wants a full scholarship,[AMOUNT_REDACTED],,CLEAN,html,
Re_ Kenya Office - Counsellor Assessment Form - [NAME_REDACTED] - Cold - 406635 -.eml[1].eml,406635,[NAME_REDACTED],Cold,"Tue, 03 Jun 2025 10:27:05 -0400",Diploma in applied biology,6.5,Uk,bachelors in social care,september 2025,Parents,[AMOUNT_REDACTED],,CLEAN,html,
Re_ Kenya Office - Counsellor Assessment Form - [NAME_REDACTED] - Cold - 406643 -.eml[1].eml,406643,[NAME_REDACTED],Cold,"Tue, 03 Jun 2025 10:01:03 -0400",Diploma in nursing,no,Uk,bachelors in nursing,september 2025,has no funds at the moment,[AMOUNT_REDACTED],,CLEAN,html,
Re_ Kenya Office - Counsellor Assessment Form - [NAME_REDACTED] - Cold - 406646 -.eml[1].eml,406646,[NAME_REDACTED],Cold,"Tue, 03 Jun 2025 09:41:05 -0400",Certificate in community health cleared in 2023,no,Uk,bachelors degree nursing,september 2025,has no funds to proceed,[AMOUNT_REDACTED],,CLEAN,html,
Re_ Kenya Office - Counsellor Assessment Form - [NAME_REDACTED] - Cold - 406652 -.eml[1].eml,406652,[NAME_REDACTED],,"Tue, 03 Jun 2025 09:24:05 -0400",High school scored C+ in 2023,no,Uk,bachelors in social work,september 2025,,[AMOUNT_REDACTED],,CHECK,html,
Re_ Kenya Office - Counsellor Assessment Form - [NAME_REDACTED] - Good - 406638 -.eml[1].eml,406638,[NAME_REDACTED],Good,"Wed, 04 Jun 2025 09:59:18 +0300",Masters in public health cleared in 2022,No Kcse B,Uk,masters in bio statistics,january 2026,Other family members or relatives,[AMOUNT_REDACTED],,CLEAN,html,
Re_ Kenya Office - Counsellor Assessment Form - [NAME_REDACTED] - Good - 406648 -.eml[1].eml,406648,[NAME_REDACTED],Good,"Wed, 04 Jun 2025 12:01:49 +0300",Bachelors in construction management,no,Uk,masters in construction management,september 2025,Self Funded,[AMOUNT_REDACTED],,CLEAN,html,
Re_ Kenya Office - Counsellor Assessment Form - [NAME_REDACTED] - Cold - 405438 -.eml[1].eml,405438,[NAME_REDACTED],Cold,"Tue, 03 Jun 2025 09:34:08 -0400","1. Choice - Master's Degree in Education possibly linguistics 2. Current level university graduate 3. Any intake available. 4. Budget at the moment,have nothing at all 5. Not ready but working on it 6. Yes, am looking for full scholarship.",no,UK,education,september 2025,looking for scholarship funding,[AMOUNT_REDACTED],,CLEAN,html,
Re_ Kenya Office - Counsellor Assessment Form - [NAME_REDACTED] - Cold - 405444 -.eml[1].eml,405444,[NAME_REDACTED],Cold,"Tue, 03 Jun 2025 10:00:15 -0400",3/6 no source of funds looking for a full scholarship will not be available for the open day,NO,UK,nursing,september 2025,looking for scholarship funding,[AMOUNT_REDACTED],,CLEAN,html,
Re_ Kenya Office - Counsellor Assessment Form - [NAME_REDACTED] - Cold - 405455 -.eml[1].eml,405455,[NAME_REDACTED],Cold,"Tue, 03 Jun 2025 10:23:05 -0400","Software Engineering or something that deals with becoming a fullstack developer... I finished high school in 2015, scored an A plain...joined campus, but didn't make it to the final year due to unavoidable circumstances, reached 2nd year. Since then, I've been hustling to make ends meet, but now I want to get that degree, and I'd prefer to study abroad. I'll decide on the intake after consultation with you. I can apply for my passport. If it could be possible, I get a full scholarship I'd appreciate.",no,UK,cyber security degree,september 2025,looking for scholarship funding,[AMOUNT_REDACTED],,CLEAN,html,
Re_ Kenya Office - Counsellor Assessment Form - [NAME_REDACTED] - Cold - 405476 -.eml[1].eml,405476,[NAME_REDACTED],Cold,"Tue, 03 Jun 2025 10:14:02 -0400","3/6 • Course of choice Architecture. I'm passionate about design, creativity, and developing sustainable, functional spaces that positively impact communities. Current level of education: Completed secondary education (KCSE) with an interest in architecture. Intake you are targeting: September 2025 or the next available intake that allows full preparation and application for scholarships. Budget you are working with: Limited personal funding. I'm actively seeking financial aid, sponsorship, or a full scholarship to support my undergraduate studies. Is your Passport ready? Yes. My passport is ready and valid for international travel. Are you looking for a full scholarship? Yes. A scholarship would give me the opportunity to pursue my academic goals without the heavy burden of financial strain. I'm determined, focused, and ready to make the most of such an opportunity-both in class and beyond. I believe I can give back through impactful design work in the future.",no,UK,Artificial intelligence,september 2025,looking for scholarship funding,[AMOUNT_REDACTED],,CLEAN,html,
Re_ Kenya Office - Counsellor Assessment Form - [NAME_REDACTED] - Cold - 406582 -.eml[1].eml,406582,[NAME_REDACTED],Cold,"Tue, 03 Jun 2025 10:35:06 -0400",3/6 interested in a posdtgraduate program in digital marketing no set budget atm will confirm availability for the open day,no,UK,Project management,september 2025,looking for scholarship funding,[AMOUNT_REDACTED],,CLEAN,html,
Re_ Kenya Office - Counsellor Assessment Form - [NAME_REDACTED] - Cold - 406461 -.eml[1].eml,406461,[NAME_REDACTED],Cold,"Tue, 03 Jun 2025 11:09:05 -0400",KCSE C+ 2022,No,Dubai,Mechanical engineering,September,To confirm with parents,[AMOUNT_REDACTED],,CLEAN,html,
Re_ Kenya Office - Counsellor Assessment Form - [NAME_REDACTED] - Cold - 406487 -.eml[1].eml,406487,[NAME_REDACTED],Cold,"Tue, 03 Jun 2025 10:30:09 -0400",KCSE B 2021 Diploma in banking in finance bachelor in economic and finance yet to graduate in 2026,No,Dubai,Finance,Yet to decide,Waiting for graduation in 2026,[AMOUNT_REDACTED],,CLEAN,html,
Re_ Kenya Office - Counsellor Assessment Form - [NAME_REDACTED] - Cold - 406492 -.eml[1].eml,406492,[NAME_REDACTED],Cold,"Tue, 03 Jun 2025 10:12:04 -0400",Diploma in fashion and design 2025 KCSE C- 2022,No,UK,Fashion and textile,Yet to decide,To confirm with parents,[AMOUNT_REDACTED],,CLEAN,html,
Re_ Kenya Office - Counsellor Assessment Form - [NAME_REDACTED] - Cold - 406502 -.eml[1].eml,406502,[NAME_REDACTED],Cold,"Tue, 03 Jun 2025 10:04:07 -0400",Diploma in IT yet to complete in August KCSE C- 2022,No,UK,IT,January 2026,No source of funds,[AMOUNT_REDACTED],,CLEAN,html,
Re_ Kenya Office - Counsellor Assessment Form - [NAME_REDACTED] - Cold - 406505 -.eml[1].eml,406505,[NAME_REDACTED],Cold,"Wed, 04 Jun 2025 03:22:03 -0400",Bachelors in commerce option finance KCSE C+ 2013,No,UK,Business related,May,Waiting for graduation in December,[AMOUNT_REDACTED],,CLEAN,html,
Re_ Kenya Office - Counsellor Assessment Form - [NAME_REDACTED] - Cold - 406534 -.eml[1].eml,406534,[NAME_REDACTED],Cold,"Tue, 03 Jun 2025 09:40:09 -0400",KCSE B- 2021 Bachelors in clinical medicine yet to graduate in november,No,UK,Medicine related,January 2026,Wanted a full scholarship,[AMOUNT_REDACTED],,CLEAN,html,
Re_ Kenya Office - Counsellor Assessment Form - [NAME_REDACTED] - Cold - 406538 -.eml[1].eml,406538,[NAME_REDACTED],Cold,"Tue, 03 Jun 2025 09:34:04 -0400",Certificate in community health yet to graduate in December KCSE C- 2021,No,UK,"Nursing, public health",September,Wanted a full scholarship,[AMOUNT_REDACTED],,CLEAN,html,
Re_ Kenya Office - Counsellor Assessment Form - [NAME_REDACTED] - Cold - 406553 -.eml[1].eml,406553,[NAME_REDACTED],Cold,"Tue, 03 Jun 2025 09:21:08 -0400",KCSE B- 2015 BACHELORS IN EDUCATION 2020 Second upper,No,Dubai,"Engineering ,education",September,Wanted a full scholarship,[AMOUNT_REDACTED],,CLEAN,html,
Re_ Kenya Office - Counsellor Assessment Form - [NAME_REDACTED] - Cold - 406581 -.eml[1].eml,406581,[NAME_REDACTED],Cold,"Tue, 03 Jun 2025 11:06:04 -0400",KCSE C- 2024,No,UK,Business management,September,To confirm with parents,[AMOUNT_REDACTED],,CLEAN,html,
Re_ Kenya Office - Counsellor Assessment Form - [NAME_REDACTED] - Cold - 405296 -.eml[1].eml,405296,[NAME_REDACTED],,"Wed, 04 Jun 2025 02:40:06 -0400",NA,no english test done,UK,masters in environmental science,JAN 2026,STUDENT IS DOING A GENERAL INQUIRY TO WORK ON THE BUDGET AND LOOK FOR WHERE SHE CAN GET THE FINANCES,NA,,CHECK,html,
Re_ Kenya Office - Counsellor Assessment Form - [NAME_REDACTED] - Cold - 406405 -.eml[1].eml,406405,[NAME_REDACTED],Cold,"Wed, 04 Jun 2025 04:41:08 -0400",bachelors in economic 2012,no proficiecy test taken,UK,data science,JAN 2026,looking for full scholarship,[AMOUNT_REDACTED],,CLEAN,html,
Re_ Kenya Office - Counsellor Assessment Form - [NAME_REDACTED] - Cold - 406407 -.eml[1].eml,406407,[NAME_REDACTED],Cold,"Wed, 04 Jun 2025 04:03:09 -0400",kcse 2022,no exam taken,uk,business management,jan 2026,Other family members or relatives,[AMOUNT_REDACTED],,CLEAN,html,
Re_ Kenya Office - Counsellor Assessment Form - [NAME_REDACTED] - Cold - 406411 -.eml[1].eml,406411,[NAME_REDACTED],Cold,"Wed, 04 Jun 2025 02:33:03 -0400",kcse 2024,no IELTS done,uk,bachelors in law,JAN 2026,Self Funded,[AMOUNT_REDACTED],,CLEAN,html,
Re_ Kenya Office - Counsellor Assessment Form - [NAME_REDACTED] - Cold - 406417 -.eml[1].eml,406417,[NAME_REDACTED],,"Tue, 03 Jun 2025 10:21:03 -0400",NA,no test taken,uk,IT related course,JAN 2026,LOOKING FOR SCHOLARSHIP,NA,,CHECK,html,
Re_ Kenya Office - Counsellor Assessment Form - [NAME_REDACTED] - Cold - 406418 -.eml[1].eml,406418,[NAME_REDACTED],Cold,"Wed, 04 Jun 2025 02:55:05 -0400",bachelor 2024,no english proficiecy test taken,UK,masters in mechanical engineering,JAN 2026,Parents,[AMOUNT_REDACTED],,CLEAN,html,
Re_ Kenya Office - Counsellor Assessment Form - [NAME_REDACTED] - Cold - 406421 -.eml[1].eml,406421,[NAME_REDACTED],,"Tue, 03 Jun 2025 09:32:06 -0400",NA,doing ielts exams,UK,not decided,sep 2025,looking for scholarship,NA,,CHECK,html,
Re_ Kenya Office - Counsellor Assessment Form - [NAME_REDACTED] - Cold - 406422 -.eml[1].eml,406422,[NAME_REDACTED],Cold,"Tue, 03 Jun 2025 09:42:04 -0400",yet to complete secondary education,no english test DONE,"australia,UK",not decided,JAN 2027,Self Funded,[AMOUNT_REDACTED],,CLEAN,html,
Re_ Kenya Office - Counsellor Assessment Form - [NAME_REDACTED] - Cold - 406431 -.eml[1].eml,406431,[NAME_REDACTED],,"Tue, 03 Jun 2025 09:15:08 -0400",NA,no ielts taken,uk,masterin AI/ IOT,sep 2025,Looking for financial AID,NA,,CHECK,html,
Re_ Kenya Office - Counsellor Assessment Form - [NAME_REDACTED] - Cold - 406433 -.eml[1].eml,406433,[NAME_REDACTED],Cold,"Wed, 04 Jun 2025 02:23:03 -0400",KCSE 2024,NO TEST TAKEN,UK,BUSINESS RELATED,JAN 2026,Other family members or relatives,[AMOUNT_REDACTED],,CLEAN,html,
Re_ Kenya Office - Counsellor Assessment Form - [NAME_REDACTED] - Cold - 406436 -.eml[1].eml,406436,[NAME_REDACTED],,"Wed, 04 Jun 2025 03:54:08 -0400",NA,no text taken,UK,not decide,2026,looking for scholarship,NA,,CHECK,html,
Re_ Kenya Office - Counsellor Assessment Form - [NAME_REDACTED] - Cold - 406444 -.eml[1].eml,406444,[NAME_REDACTED],Cold,"Wed, 04 Jun 2025 03:07:06 -0400",diploma in nursing,no english test done,uk,nursing top up,sep 2025,Self Funded,[AMOUNT_REDACTED],,CLEAN,html,
Re_ Kenya Office - Counsellor Assessment Form - [NAME_REDACTED] - Cold - 406456 -.eml[1].eml,406456,[NAME_REDACTED],,"Tue, 03 Jun 2025 10:26:05 -0400",DIPLOMA 2021,NO TEST,UK,,,LOOKING FOR SCHOLARSHIP,NA,,CHECK,html,
Re_ Kenya Office - Counsellor Assessment Form - [NAME_REDACTED] - Cold - 406457 -.eml[1].eml,406457,[NAME_REDACTED],Cold,"Tue, 03 Jun 2025 11:10:06 -0400",bachelor 2022,DID IELTS ACADEMIC,uk,masters in project management,sep 2025,Parents,[AMOUNT_REDACTED],,CLEAN,html,
Re_ Kenya Office - Counsellor Assessment Form - [NAME_REDACTED] - Cold - 406458 -.eml[1].eml,406458,[NAME_REDACTED],,"Tue, 03 Jun 2025 10:34:08 -0400",NA,NO TEST TAKEN,UK,agriculture related,JAN 2026,LOOKING FOR SCHOLARSHIP TO VISIT THGE OFFICE T FOR GENERAL INQUIRY,NA,,CHECK,html,
Re_ Kenya Office - Counsellor Assessment Form - [NAME_REDACTED] - Cold - 406273 -.eml[1].eml,406273,[NAME_REDACTED],Cold,"Wed, 04 Jun 2025 05:00:10 -0400",KCSE D+ 2021 No Passport,,UK,Nursing/Social Work,September Intake 2026,Scholarship,[AMOUNT_REDACTED],,CLEAN,html,
Re_ Kenya Office - Counsellor Assessment Form - [NAME_REDACTED] - Cold - 406276 -.eml[1].eml,406276,[NAME_REDACTED],Cold,"Wed, 04 Jun 2025 04:54:05 -0400",KCSE C+ 2023 No Passport,No KCSE English C+,UK,Art & Design,September Intake 2026,Scholarship,[AMOUNT_REDACTED],,CLEAN,html,
Re_ Kenya Office - Counsellor Assessment Form - [NAME_REDACTED] - Cold - 406288 -.eml[1].eml,406288,[NAME_REDACTED],Cold,"Wed, 04 Jun 2025 04:44:03 -0400",Diploma in Nursing 2006 KMTC Passport [PASSPORT_REDACTED],No KCSE English C+ 1999,UK,Top Up-Nursing,September Intake 2025,Self Funded,[AMOUNT_REDACTED],,CLEAN,html,
Re_ Kenya Office - Counsellor Assessment Form - [NAME_REDACTED] - Good - 406288 -.eml[1].eml,406288,[NAME_REDACTED],Good,"Wed, 04 Jun 2025 12:07:39 +0300",Diploma in Nursing 2006 KMTC Passport [PASSPORT_REDACTED],No KCSE English C+ 1999,UK,Top Up-Nursing,September Intake 2025,Self Funded,[AMOUNT_REDACTED],,CLEAN,html,
Re_ Kenya Office - Counsellor Assessment Form - [NAME_REDACTED] - Good - 406322 -.eml[1].eml,406322,[NAME_REDACTED],Good,"Wed, 04 Jun 2025 12:08:06 +0300",Masters in SCM 2018 Kisii University Merit Bachelors in [ADDRESS_REDACTED]2:1 Passport [PASSPORT_REDACTED],No KCSE English B- 1997,UK,Masters in International Supply Chain Management,Jan Intake 2026,Self Funded,[AMOUNT_REDACTED],,CLEAN,html,
Re_ Kenya Office - Counsellor Assessment Form - [NAME_REDACTED] - Cold - 405881 -.eml[1].eml,405881,[NAME_REDACTED],,"Wed, 04 Jun 2025 05:54:04 -0400","bachelor ,science environmental 2019",no,UK,civil engineering,Jan 2026,,[AMOUNT_REDACTED],,CHECK,html,
Re_ Kenya Office - Counsellor Assessment Form - [NAME_REDACTED] - Cold - 406336 -.eml[1].eml,406336,[NAME_REDACTED],,"Tue, 03 Jun 2025 11:20:04 -0400",Degree in computer science 2024,no,UK,AI,sep 2025,,[AMOUNT_REDACTED],,CHECK,html,
Re_ Kenya Office - Counsellor Assessment Form - [NAME_REDACTED] - Cold - 406342 -.eml[1].eml,406342,[NAME_REDACTED],Cold,"Tue, 03 Jun 2025 11:08:07 -0400",Diploma in hr 2024,no,UK,BA,sep 2025,scholarships,[AMOUNT_REDACTED],,CLEAN,html,
Re_ Kenya Office - Counsellor Assessment Form - [NAME_REDACTED] - Cold - 406353 -.eml[1].eml,406353,[NAME_REDACTED],Cold,"Tue, 03 Jun 2025 10:51:06 -0400",o level 2009,no,UK,Education,Jan 2026,"lack of finances,interested for jan 2026 intake",[AMOUNT_REDACTED],,CLEAN,html,
Re_ Kenya Office - Counsellor Assessment Form - [NAME_REDACTED] - Cold - 406358 -.eml[1].eml,406358,[NAME_REDACTED],Cold,"Tue, 03 Jun 2025 10:38:03 -0400",Degree,no,UK,cybersecurity,sep 2025,scholarships,[AMOUNT_REDACTED],,CLEAN,html,
Re_ Kenya Office - Counsellor Assessment Form - [NAME_REDACTED] - Cold - 406360 -.eml[1].eml,406360,[NAME_REDACTED],Cold,"Tue, 03 Jun 2025 10:31:11 -0400",Certificate in office administration 2024,no,UK,cyber security,sep 2025,Lack of finances,[AMOUNT_REDACTED],,CLEAN,html,
Re_ Kenya Office - Counsellor Assessment Form - [NAME_REDACTED] - Good - 406368 -.eml[1].eml,406368,[NAME_REDACTED],Good,"Tue, 03 Jun 2025 17:52:38 +0300",PTE 2020 KCSE 2017,yes 7.0,UK,Education,sep 2025,Parents,[AMOUNT_REDACTED],,CLEAN,html,
Re_ Kenya Office - Counsellor Assessment Form - [NAME_REDACTED] - Good - 406369 -.eml[1].eml,406369,[NAME_REDACTED],Good,"Tue, 03 Jun 2025 17:52:16 +0300",Kcse c- 2023,no,UK,"Nursing,building and construction",sep 2025,Parents,[AMOUNT_REDACTED],,CLEAN,html,
Re_ Kenya Office - Counsellor Assessment Form - [NAME_REDACTED] - Cold - 404692 -.eml[1].eml,404692,[NAME_REDACTED],Cold,"Tue, 03 Jun 2025 04:35:03 -0400",Masters in history cleared in 2025,No Kcse scored B,Uk,Phd in history,january 2026,still talking to the sponsors,[AMOUNT_REDACTED],,CLEAN,html,
Re_ Kenya Office - Counsellor Assessment Form - [NAME_REDACTED] - Cold - 405495 -.eml[1].eml,405495,[NAME_REDACTED],Cold,"Fri, 30 May 2025 09:00:10 -0400",High school scored a Cleared 2024,no,Uk,bachelors degree in cyber security,september 2025,has no funds,[AMOUNT_REDACTED],,CLEAN,html,
Re_ Kenya Office - Counsellor Assessment Form - [NAME_REDACTED] - Cold - 405523 -.eml[1].eml,405523,[NAME_REDACTED],Cold,"Fri, 30 May 2025 08:43:03 -0400",still studying Bachelors in purchasing and logistics,no,Uk,masters in supply chain,january 2026,Will talk to sponsors and get back,[AMOUNT_REDACTED],,CLEAN,html,
Re_ Kenya Office - Counsellor Assessment Form - [NAME_REDACTED] - Cold - 405555 -.eml[1].eml,405555,[NAME_REDACTED],Cold,"Tue, 03 Jun 2025 03:55:06 -0400",Advanced in applied psychology,no,Uk,masters in education,,has no funds at the moment,[AMOUNT_REDACTED],,CLEAN,html,
Re_ Kenya Office - Counsellor Assessment Form - [NAME_REDACTED] - Cold - 406663 -.eml[1].eml,406663,[NAME_REDACTED],Cold,"Tue, 03 Jun 2025 09:14:04 -0400",High school scored C+ 2023,no,Uk,Bachelors in datascience,september 2025,has no funds to proceed,[AMOUNT_REDACTED],,CLEAN,html,
Re_ Kenya Office - Counsellor Assessment Form - [NAME_REDACTED] - Cold - 406672 -.eml[1].eml,406672,[NAME_REDACTED],Cold,"Tue, 03 Jun 2025 08:59:08 -0400",High school scored a C- in 2023,no,Germany,bachelors in nursing,september 2025,has no funds to proceed,[AMOUNT_REDACTED],,CLEAN,html,
Re_ Kenya Office - Counsellor Assessment Form - [NAME_REDACTED] - Cold - 406673 -.eml[1].eml,406673,[NAME_REDACTED],Cold,"Tue, 03 Jun 2025 08:55:07 -0400",High school scored B+ cleared in 2017,no,Uk,bachelors in nursing,september 2025,wants a full scholarship,[AMOUNT_REDACTED],,CLEAN,html,
Re_ Kenya Office - Counsellor Assessment Form - [NAME_REDACTED] - Cold - 406679 -.eml[1].eml,406679,[NAME_REDACTED],Cold,"Tue, 03 Jun 2025 08:49:06 -0400",Bachelors in dental technology cleared 2024,no,Uk,masters in dental techonolgy,september 2025,has no funds,[AMOUNT_REDACTED],,CLEAN,html,
Re_ Kenya Office - Counsellor Assessment Form - [NAME_REDACTED] - Cold - 406693 -.eml[1].eml,406693,[NAME_REDACTED],Cold,"Tue, 03 Jun 2025 08:39:07 -0400",High school cleared in 2023scored a D+,no,Uk,bachelors in business,september 2025,has no funds at the moment,[AMOUNT_REDACTED],,CLEAN,html,
Re_ Kenya Office - Counsellor Assessment Form - [NAME_REDACTED] - Cold - 406725 -.eml[1].eml,406725,[NAME_REDACTED],Cold,"Tue, 03 Jun 2025 08:04:07 -0400",High school scored C+ cleared in 2018,no,Uk,BACHELORS IN EDUCATION,september 2025,has no funds to proceed will attend the fair,[AMOUNT_REDACTED],,CLEAN,html,
Re_ Kenya Office - Counsellor Assessment Form - [NAME_REDACTED] - Cold - 406731 -.eml[1].eml,406731,[NAME_REDACTED],Cold,"Tue, 03 Jun 2025 05:59:04 -0400",High school scored a Dplain cleared in 2020,no,Uk,Bachelors in plumbing,september 2025,has no funds,[AMOUNT_REDACTED],,CLEAN,html,
Re_ Kenya Office - Counsellor Assessment Form - [NAME_REDACTED] - Cold - 406734 -.eml[1].eml,406734,[NAME_REDACTED],Cold,"Tue, 03 Jun 2025 05:57:05 -0400",High school cleared 2024 scored a Dplain,no,Uk,Bachelors caregiving,september 2025,Applicant wants a full scholarships,[AMOUNT_REDACTED],,CLEAN,html,
Re_ Kenya Office - Counsellor Assessment Form - [NAME_REDACTED] - Cold - 404630 -.eml[1].eml,404630,[NAME_REDACTED],Cold,"Tue, 03 Jun 2025 09:03:12 -0400","3/6 beauty and personal care, level of education certificate, looking for a full scholarship if possible",no,UK,fashion and textile,september 2025,looking for scholarship funding,[AMOUNT_REDACTED],,CLEAN,html,
Re_ Kenya Office - Counsellor Assessment Form - [NAME_REDACTED] - Cold - 405398 -.eml[1].eml,405398,[NAME_REDACTED],Cold,"Tue, 03 Jun 2025 08:14:03 -0400",3/6 looking for scholarship no source of funds will not be available for the open day,no,UK,cyber security,January 2026,looking for scholarship funding,[AMOUNT_REDACTED],,CLEAN,html,
Re_ Kenya Office - Counsellor Assessment Form - [NAME_REDACTED] - Cold - 405401 -.eml[1].eml,405401,[NAME_REDACTED],Cold,"Tue, 03 Jun 2025 08:33:05 -0400",3/6 no set budget looking for scholarship will not be available for the open day,no,UK,digital marketing,september 2025,looking for scholarship funding,[AMOUNT_REDACTED],,CLEAN,html,
Re_ Kenya Office - Counsellor Assessment Form - [NAME_REDACTED] - Cold - 405410 -.eml[1].eml,405410,[NAME_REDACTED],Cold,"Fri, 30 May 2025 08:48:06 -0400",30/5 Will be available for the open day Interested in a masters program in accounting and finance January 2026 intake currently enrolled doing his masters at KCA wants to get credit transfers passport ready,no,UK,accounting and finance,January 2026,looking for scholarship funding,[AMOUNT_REDACTED],,CLEAN,html,
Re_ Kenya Office - Counsellor Assessment Form - [NAME_REDACTED] - Cold - 405427 -.eml[1].eml,405427,[NAME_REDACTED],Cold,"Tue, 03 Jun 2025 08:58:08 -0400",3/6 Data science or Software engineering MBchB Level 5 2026 Looking for scholarship opportunities no budget Passport not ready.,no,UK,data science,september 2025,looking for scholarship funding,[AMOUNT_REDACTED],,CLEAN,html,
Re_ Kenya Office - Counsellor Assessment Form - [NAME_REDACTED] - Cold - 405432 -.eml[1].eml,405432,[NAME_REDACTED],Cold,"Fri, 30 May 2025 09:06:07 -0400",30/5 looking for scholarship no passport interested in a nursing program no set budget atm,no,UK,nursing,september 2025,looking for scholarship funding,[AMOUNT_REDACTED],,CLEAN,html,
Re_ Kenya Office - Counsellor Assessment Form - [NAME_REDACTED] - Cold - 405433 -.eml[1].eml,405433,[NAME_REDACTED],Cold,"Fri, 30 May 2025 09:31:06 -0400",30/5 will be available for the open day making general inquiry on available scholarships no budget no passport at the moment interested in a human resource program,no,UK,human resource,september 2025,looking for scholarship funding,[AMOUNT_REDACTED],,CLEAN,html,
Re_ Kenya Office - Counsellor Assessment Form - [NAME_REDACTED] - Cold - 405469 -.eml[1].eml,405469,[NAME_REDACTED],Cold,"Fri, 30 May 2025 10:10:06 -0400","30/5 interested in a BA in accounting and finance no set budget atm, inquiring about scholarships as well will be available for the open day",no,UK,accounting and finance,september 2025,looking for scholarship funding,[AMOUNT_REDACTED],,CLEAN,html,
Re_ Kenya Office - Counsellor Assessment Form - [NAME_REDACTED] - Cold - 405473 -.eml[1].eml,405473,[NAME_REDACTED],Cold,"Fri, 30 May 2025 10:30:08 -0400",30/5 looking for a masters program in fashion and textile design will be available for the open day passport available no set budget atm,no,UK,fashion and textile design,september 2025,looking for scholarship funding,[AMOUNT_REDACTED],,CLEAN,html,
Re_ Kenya Office - Counsellor Assessment Form - [NAME_REDACTED] - Cold - 405345 -.eml[1].eml,405345,[NAME_REDACTED],Cold,"Fri, 30 May 2025 10:41:03 -0400",MSC in Strategic Management 2009 Bachelors in business 2004 KCSE C- 1998,[AMOUNT_REDACTED],"UK,Canada",MBA,September,Other family members or relatives,[AMOUNT_REDACTED],,CLEAN,html,
Re_ Kenya Office - Counsellor Assessment Form - [NAME_REDACTED] - Cold - 405349 -.eml[1].eml,405349,[NAME_REDACTED],Cold,"Fri, 30 May 2025 10:40:08 -0400",Bachelors in Education 2019 KCSE B 2013,No,UK,BSC Nursing,January 2026,To confirm,[AMOUNT_REDACTED],,CLEAN,html,
Re_ Kenya Office - Counsellor Assessment Form - [NAME_REDACTED] - Cold - 405367 -.eml[1].eml,405367,[NAME_REDACTED],Cold,"Fri, 30 May 2025 10:40:07 -0400",KCSE D-2024,No,UK,Business related,September,Wanted a full scholarship,[AMOUNT_REDACTED],,CLEAN,html,
Re_ Kenya Office - Counsellor Assessment Form - [NAME_REDACTED] - Cold - 405370 -.eml[1].eml,405370,[NAME_REDACTED],Cold,"Fri, 30 May 2025 10:40:06 -0400",BSC Computer science,,"UK, Germany",Data science,September,Yet to decide,[AMOUNT_REDACTED],,CLEAN,html,
Re_ Kenya Office - Counsellor Assessment Form - [NAME_REDACTED] - Cold - 405375 -.eml[1].eml,405375,[NAME_REDACTED],Cold,"Fri, 30 May 2025 10:40:05 -0400",KCSE C+ 2024,No,Dubai,BSC Nutrition,September,No source of funds,[AMOUNT_REDACTED],,CLEAN,html,
Re_ Kenya Office - Counsellor Assessment Form - [NAME_REDACTED] - Cold - 405381 -.eml[1].eml,405381,[NAME_REDACTED],Cold,"Fri, 30 May 2025 10:40:03 -0400",KCSE B+ 2024,No,UK,Aeronuetical engineering,September,To confirm with parents,[AMOUNT_REDACTED],,CLEAN,html,
Re_ Kenya Office - Counsellor Assessment Form - [NAME_REDACTED] - Cold - 406560 -.eml[1].eml,406560,[NAME_REDACTED],Cold,"Tue, 03 Jun 2025 09:10:10 -0400",KCSE B- 2024,No,"UK, Australia",Nursing,January 2026,To confirm with parents,[AMOUNT_REDACTED],,CLEAN,html,
Re_ Kenya Office - Counsellor Assessment Form - [NAME_REDACTED] - Cold - 406566 -.eml[1].eml,406566,[NAME_REDACTED],Cold,"Tue, 03 Jun 2025 09:06:07 -0400",KCSE B 2023,No,Dubai,Community health development,September,To confirm with parents,[AMOUNT_REDACTED],,CLEAN,html,
Re_ Kenya Office - Counsellor Assessment Form - [NAME_REDACTED] - Cold - 406575 -.eml[1].eml,406575,[NAME_REDACTED],Cold,"Tue, 03 Jun 2025 08:45:10 -0400",Bachelors in IT yet to graduate in 2028 KCSE D-,No,Germany,Cyber security,September,Not willing to share parents information,[AMOUNT_REDACTED],,CLEAN,html,
Re_ Kenya Office - Counsellor Assessment Form - [NAME_REDACTED] - Cold - 406578 -.eml[1].eml,406578,[NAME_REDACTED],Cold,"Tue, 03 Jun 2025 08:37:06 -0400",KCSE C- 2022,No,UK,IT,January 2026,Wanted a full scholarship,[AMOUNT_REDACTED],,CLEAN,html,
Re_ Kenya Office - Counsellor Assessment Form - [NAME_REDACTED] - Good - 404324 -.eml[1].eml,404324,[NAME_REDACTED],Good,"Fri, 30 May 2025 18:44:39 +0300",counselling skills psychology 2024 pass IGCSE 2018,No,"UK,germany",clinical psychology,January,Parents,[AMOUNT_REDACTED],,CLEAN,html,
Re_ Kenya Office - Counsellor Assessment Form - [NAME_REDACTED] - Cold - 405291 -.eml[1].eml,405291,[NAME_REDACTED],Cold,"Fri, 30 May 2025 10:41:07 -0400",kcse 2024,no english test taken,UK,bachelors in Nursing,sep 2025,Self Funded,[AMOUNT_REDACTED],,CLEAN,html,
Re_ Kenya Office - Counsellor Assessment Form - [NAME_REDACTED] - Cold - 405297 -.eml[1].eml,405297,[NAME_REDACTED],Cold,"Tue, 03 Jun 2025 05:31:09 -0400",diploma in procurement,no english test taken,UK,bachelors in procurement,january 2026,looking for scholarship,[AMOUNT_REDACTED],,CLEAN,html,
Re_ Kenya Office - Counsellor Assessment Form - [NAME_REDACTED] - Cold - 405303 -.eml[1].eml,405303,[NAME_REDACTED],Cold,"Fri, 30 May 2025 09:00:11 -0400",BACHELORS,no test done,UK,MSC ENVIRONME,,LOOKING FOR PARTIAL SCHOLARSHIP,[AMOUNT_REDACTED],,CLEAN,html,
Re_ Kenya Office - Counsellor Assessment Form - [NAME_REDACTED] - Cold - 406431 -.eml[1].eml,406431,[NAME_REDACTED],,"Tue, 03 Jun 2025 09:15:08 -0400",NA,no ielts taken,uk,masterin AI/ IOT,sep 2025,Looking for financial AID,NA,,CHECK,html,
Re_ Kenya Office - Counsellor Assessment Form - [NAME_REDACTED] - Cold - 406435 -.eml[1].eml,406435,[NAME_REDACTED],Cold,"Tue, 03 Jun 2025 08:13:06 -0400",form 4 2010,no test,any,medical related,sep 2025,Self Funded,[AMOUNT_REDACTED],,CLEAN,html,
Re_ Kenya Office - Counsellor Assessment Form - [NAME_REDACTED] - Good - 404319 -.eml[1].eml,404319,[NAME_REDACTED],Good,"Fri, 30 May 2025 16:25:02 +0300",bachelors in IT,NO ENGLISH PROFICIENCYTAKEN,UK,MASTERS IN AI,JAN 2026,Self Funded,[AMOUNT_REDACTED],,CLEAN,html,
Re_ Kenya Office - Counsellor Assessment Form - [NAME_REDACTED] - Good - 405311 -.eml[1].eml,405311,[NAME_REDACTED],Good,"Fri, 30 May 2025 16:01:53 +0300",O levels,no ielts taken,UK,artificial intelligence,sep 2025,Parents,[AMOUNT_REDACTED],,CLEAN,html,
Re_ Kenya Office - Counsellor Assessment Form - [NAME_REDACTED] - Cold - 404883 -.eml[1].eml,404883,[NAME_REDACTED],,"Fri, 30 May 2025 08:42:06 -0400",Diploma in automotive engineering 2016 Passport [PASSPORT_REDACTED],No KCSE English D+ 2009,,Automotive Engineering,Jan Intake 2026,,[AMOUNT_REDACTED],,CHECK,html,
Re_ Kenya Office - Counsellor Assessment Form - [NAME_REDACTED] - Cold - 405107 -.eml[1].eml,405107,[NAME_REDACTED],Cold,"Fri, 30 May 2025 10:35:05 -0400",KCSE B- 2024 Passport [PASSPORT_REDACTED],No KCSE English C+,UK,Nursing,Jan Intake 2026,Parents,[AMOUNT_REDACTED],,CLEAN,html,
Re_ Kenya Office - Counsellor Assessment Form - [NAME_REDACTED] - Cold - 405718 -.eml[1].eml,405718,[NAME_REDACTED],,"Fri, 30 May 2025 09:34:04 -0400","KCSE C- 2023 Math D-, English C, Physics D-, Chemistry D, Kiswahili B-, CRE C-, Computer C+ Passport in progress",Proficient in German KCSE English C 2023,UK,Bachelors in Education,September Intake 2025,,"300,000",,CHECK,html,
Re_ Kenya Office - Counsellor Assessment Form - [NAME_REDACTED] - Good - 405170 -.eml[1].eml,405170,[NAME_REDACTED],Good,"Fri, 30 May 2025 18:45:18 +0300",Bachelors in Arts Theology 2:1 2024 Kenya Methodist Passport [PASSPORT_REDACTED],No KCSE English B 1998,UK,Masters in Theology,September Intake 2025,Self Funded,[AMOUNT_REDACTED],,CLEAN,html,
Re_ Kenya Office - Counsellor Assessment Form - [NAME_REDACTED] - Good - 405747 -.eml[1].eml,405747,[NAME_REDACTED],Good,"Tue, 03 Jun 2025 12:36:33 +0300",KCSE D+ 2015 Certificate in IT 2019 Zetech Passport 2019,KCSE English C-,UK,IT-CyberSecurity,September Intake 2025,Self Funded,[AMOUNT_REDACTED],,CLEAN,html,
Re_ Kenya Office - Counsellor Assessment Form - [NAME_REDACTED] - Cold - 405183 -.eml[1].eml,405183,[NAME_REDACTED],Cold,"Fri, 30 May 2025 09:16:09 -0400",bachelors in education arts 2016,no,UK,"masters in education leadership ,internatinal education",sep 2025,"scholarship,arranging finances",[AMOUNT_REDACTED],,CLEAN,html,
Re_ Kenya Office - Counsellor Assessment Form - [NAME_REDACTED] - Cold - 405224 -.eml[1].eml,405224,[NAME_REDACTED],,"Fri, 30 May 2025 08:13:04 -0400",Kcse B 2021,no,UK,public health,sep 2025,,[AMOUNT_REDACTED],,CHECK,html,
Re_ Kenya Office - Counsellor Assessment Form - [NAME_REDACTED] - Cold - 405225 -.eml[1].eml,405225,[NAME_REDACTED],Cold,"Fri, 30 May 2025 08:00:07 -0400",kcse 2004 B+,no,UK,theater technician,sep 2025,talking to sponsor on finances,[AMOUNT_REDACTED],,CLEAN,html,
Re_ Kenya Office - Counsellor Assessment Form - [NAME_REDACTED] - Cold - 406373 -.eml[1].eml,406373,[NAME_REDACTED],,"Tue, 03 Jun 2025 08:58:03 -0400",Diploma in finance 2020,no,UK,Financial technology,sep 2025,,[AMOUNT_REDACTED],,CHECK,html,
Re_ Kenya Office - Counsellor Assessment Form - [NAME_REDACTED] - Cold - 406379 -.eml[1].eml,406379,[NAME_REDACTED],Cold,"Tue, 03 Jun 2025 08:47:04 -0400",Kcse C+ 2021,no,UK,"Nursing,Education",sep 2025,Lack of finances,[AMOUNT_REDACTED],,CLEAN,html,
Re_ Kenya Office - Counsellor Assessment Form - [NAME_REDACTED] - Cold - 406398 -.eml[1].eml,406398,[NAME_REDACTED],Cold,"Tue, 03 Jun 2025 05:51:07 -0400",KCSE B,No,UK,Nursing,sep 2025,"scholarship,lack of finances",[AMOUNT_REDACTED],,CLEAN,html,
Re_ Kenya Office - Counsellor Assessment Form - [NAME_REDACTED] - Cold - 501181 -.eml[1].eml,501181,[NAME_REDACTED],Cold,"Mon, 08 Dec 2025 06:36:02 -0500",Awaiting results,,Canada,Full scholarship,sep 2026,Parents,[AMOUNT_REDACTED],,CLEAN,html,
Re_ Kenya Office - Counsellor Assessment Form - [NAME_REDACTED] - Good - 501178 -.eml[1].eml,501178,[NAME_REDACTED],,"Mon, 08 Dec 2025 14:47:22 +0300",No response,,,,,,[AMOUNT_REDACTED],,CHECK,html,
Re_ Kenya Office - Counsellor Assessment Form - [NAME_REDACTED] - Good - 500852 -.eml[1].eml,500852,[NAME_REDACTED],Good,"Mon, 08 Dec 2025 06:23:04 -0500",second class honours 2025. Is yet to pick up transcripts from the university and the certificate,,the UK,COMPUTER SCIENCE,2026,Parents,[AMOUNT_REDACTED],,CLEAN,html,
Re_ Kenya Office - Counsellor Assessment Form - [NAME_REDACTED] - Good - 386622 -.eml[1].eml,386622,[NAME_REDACTED],Good,"Mon, 26 May 2025 09:36:55 +0300",Diploma in Information Science 2012 Nursing Assistant January 2025 3months Practice Passport [PASSPORT_REDACTED],KCSE English IELTS,UK,BA in Social Work,Jan Intake 2026,Self Funded,[AMOUNT_REDACTED],,CLEAN,html,
Re_ Kenya Office - Counsellor Assessment Form - [NAME_REDACTED] - Good - 500700 -.eml[1].eml,500700,[NAME_REDACTED],Good,"Sat, 06 Dec 2025 11:59:24 +0300",KCSE Grade C+ in 2022,,UK,computer science,,Other family members or relatives,[AMOUNT_REDACTED],,CLEAN,html,
Re_ Kenya Office - Counsellor Assessment Form - [NAME_REDACTED] - Cold - 384043 -.eml[1].eml,384043,[NAME_REDACTED],Cold,"Mon, 28 Apr 2025 09:30:07 -0400",[UNIVERSITY],,,,,Wants to attend the expo first,[AMOUNT_REDACTED],,CLEAN,html,
Re_ Kenya Office - Counsellor Assessment Form - [NAME_REDACTED] - Cold - 404488 -.eml[1].eml,404488,[NAME_REDACTED],Cold,"Fri, 30 May 2025 04:36:03 -0400",High school scored a c+,no,Uk,,,wants a full scholarship,[AMOUNT_REDACTED],,CLEAN,html,
Re_ Kenya Office - Counsellor Assessment Form - [NAME_REDACTED] - Cold - 404666 -.eml[1].eml,404666,[NAME_REDACTED],Cold,"Thu, 29 May 2025 09:35:05 -0400",High school SCORED D-,NO,Uk,,,has no funds at the moment,[AMOUNT_REDACTED],,CLEAN,html,
Re_ Kenya Office - Counsellor Assessment Form - [NAME_REDACTED] - Cold - 404683 -.eml[1].eml,404683,[NAME_REDACTED],Cold,"Fri, 30 May 2025 02:59:05 -0400",High school scored D+ cleared in 2023,,,,,has no funds,[AMOUNT_REDACTED],,CLEAN,html,
Re_ Kenya Office - Counsellor Assessment Form - [NAME_REDACTED] - Cold - 405509 -.eml[1].eml,405509,[NAME_REDACTED],Cold,"Fri, 30 May 2025 08:56:03 -0400",High school cleared in 2023 scored B+,no,uk,,,has no funds at the moment,[AMOUNT_REDACTED],,CLEAN,html,
Re_ Kenya Office - Counsellor Assessment Form - [NAME_REDACTED] - Cold - 406639 -.eml[1].eml,406639,[NAME_REDACTED],Cold,"Thu, 05 Jun 2025 02:23:05 -0400",High school scores A D plain,no,Uk,bachelors in communication,september 2025,has no funds at the moment,[AMOUNT_REDACTED],,CLEAN,html,
Re_ Kenya Office - Counsellor Assessment Form - [NAME_REDACTED] - Cold - 406788 -.eml[1].eml,406788,[NAME_REDACTED],Cold,"Tue, 10 Jun 2025 02:53:03 -0400",high schoolnc+,no,Uk,,,has no funds at the moment,[AMOUNT_REDACTED],,CLEAN,html,
Re_ Kenya Office - Counsellor Assessment Form - [NAME_REDACTED] - Cold - 406807 -.eml[1].eml,406807,[NAME_REDACTED],Cold,"Wed, 04 Jun 2025 08:16:05 -0400",High school scored aD+,no,Uk,,,has no funds at the moment,[AMOUNT_REDACTED],,CLEAN,html,
Re_ Kenya Office - Counsellor Assessment Form - [NAME_REDACTED] - Cold - 406810 -.eml[1].eml,406810,[NAME_REDACTED],Cold,"Wed, 04 Jun 2025 08:02:04 -0400",Highschool scored a C+,no,Uk,,,has no funds at the moment,[AMOUNT_REDACTED],,CLEAN,html,
Re_ Kenya Office - Counsellor Assessment Form - [NAME_REDACTED] - Cold - 406848 -.eml[1].eml,406848,[NAME_REDACTED],Cold,"Tue, 10 Jun 2025 07:43:06 -0400",Certificate in community health,no,Uk,Bachelors in community health,,has no funds,[AMOUNT_REDACTED],,CLEAN,html,
Re_ Kenya Office - Counsellor Assessment Form - [NAME_REDACTED] - Good - - 290052.eml[1].eml,290052,[NAME_REDACTED],Good,"Thu, 17 Apr 2025 13:25:04 +0300",he says he already shared the docs,,,,,Self Funded,[AMOUNT_REDACTED],,CLEAN,html,
Re_ Kenya Office - Counsellor Assessment Form - [NAME_REDACTED] - Good - 380917 -.eml[1].eml,380917,[NAME_REDACTED],Good,"Wed, 23 Apr 2025 16:17:45 +0300",High school cleared in 2015 scored a A minus,A minus,Uk,Bachelors Film and Tv production,september 2025,Self Funded,[AMOUNT_REDACTED],,CLEAN,html,
Re_ Kenya Office - Counsellor Assessment Form - [NAME_REDACTED] - Cold - - 500164.eml[1].eml,500164,[NAME_REDACTED],Cold,"Tue, 09 Dec 2025 13:23:02 +0300",KCSE C plain,,Canada,nursing,,Parents,[AMOUNT_REDACTED],,CLEAN,html,
Re_ Kenya Office - Counsellor Assessment Form - [NAME_REDACTED] - Cold - 501181 -.eml[1].eml,501181,[NAME_REDACTED],Cold,"Mon, 08 Dec 2025 06:36:02 -0500",Awaiting results,,Canada,Full scholarship,sep 2026,Parents,[AMOUNT_REDACTED],,CLEAN,html,
Re_ Kenya Office - Counsellor Assessment Form - [NAME_REDACTED] - Good - 500945 -.eml[1].eml,500945,[NAME_REDACTED],Good,"Tue, 09 Dec 2025 06:06:11 -0500",Form 4 leaver awaiting results,,Germany,,,Parents,[AMOUNT_REDACTED],,CLEAN,html,
Re_ Kenya Office - Counsellor Assessment Form - [NAME_REDACTED] - Good - 501178 -.eml[1].eml,501178,[NAME_REDACTED],,"Mon, 08 Dec 2025 14:47:22 +0300",No response,,,,,,[AMOUNT_REDACTED],,CHECK,html,
Re_ Kenya Office - Counsellor Assessment Form - [NAME_REDACTED] - Good - 406990 -.eml[1].eml,406990,[NAME_REDACTED],Good,"Wed, 04 Jun 2025 18:36:53 +0300","4/6 interested in a MSc program in business analytics intakes in mind Jan/May 2026 interested in any available partial scholarships passport available line of work bank operations self sponsoring as well universities in mind atm Keele,Kent and Chester will not be available for the open day",no,UK,business analytics,January 2026,partial scholarship,[AMOUNT_REDACTED],,CLEAN,html,
Re_ Kenya Office - Counsellor Assessment Form - [NAME_REDACTED] - Cold - 384334 -.eml[1].eml,384334,[NAME_REDACTED],Cold,"Wed, 30 Apr 2025 11:18:51 +0300",Bachelor of arts 2018 Second class upper KCSE C+ 2010,No,UK,Law,September,To visit the office first,[AMOUNT_REDACTED],,CLEAN,html,
Re_ Kenya Office - Counsellor Assessment Form - [NAME_REDACTED] - Good - 500852 -.eml[1].eml,500852,[NAME_REDACTED],Good,"Mon, 08 Dec 2025 06:23:04 -0500",second class honours 2025. Is yet to pick up transcripts from the university and the certificate,,the UK,COMPUTER SCIENCE,2026,Parents,[AMOUNT_REDACTED],,CLEAN,html,
Re_ Kenya Office - Counsellor Assessment Form - [NAME_REDACTED] - Excellent - 404339 -.eml[1].eml,404339,[NAME_REDACTED],Excellent,"Wed, 28 May 2025 17:37:41 +0300",Bachelor's degree in Computer science 2020 Rongo University 2:2 Passport [PASSPORT_REDACTED],No KCSE English A- 2014,UK,Masters in Data Science,Jan Intake 2026,Self Funded,[AMOUNT_REDACTED],,CLEAN,html,
Re_ Kenya Office - Counsellor Assessment Form - [NAME_REDACTED] - Good - 386622 -.eml[1].eml,386622,[NAME_REDACTED],Good,"Mon, 26 May 2025 09:36:55 +0300",Diploma in Information Science 2012 Nursing Assistant January 2025 3months Practice Passport [PASSPORT_REDACTED],KCSE English IELTS,UK,BA in Social Work,Jan Intake 2026,Self Funded,[AMOUNT_REDACTED],,CLEAN,html,
Re_ Kenya Office - Counsellor Assessment Form - [NAME_REDACTED] - Good - 401786 -.eml[1].eml,401786,[NAME_REDACTED],Good,"Fri, 23 May 2025 18:47:36 +0300",Diploma in Criminology 2017 Moi University Pass Passport [PASSPORT_REDACTED] Emily Wanjiru Ndonga,KCSE English C 2014,UK,Business Related course,Jan Intake 2026,Parents,[AMOUNT_REDACTED],,CLEAN,html,
Re_ Kenya Office - Counsellor Assessment Form - [NAME_REDACTED] - Good - 405255 -.eml[1].eml,405255,[NAME_REDACTED],Good,"Fri, 30 May 2025 16:12:14 +0300",diploma in medical engineering 2023,no,UK,project management,jan 26,Self Funded,[AMOUNT_REDACTED],,CLEAN,html,
Re_ Kenya Office - Counsellor Assessment Form - [NAME_REDACTED] - Good - 405840 -.eml[1].eml,405840,[NAME_REDACTED],,"Wed, 04 Jun 2025 15:18:16 +0300",bachelor of science 2022,no,UK,cyber security and data protection,sep 2025,,[AMOUNT_REDACTED],,CHECK,html,
Re_ Kenya Office - Counsellor Assessment Form - [NAME_REDACTED] - Good - 406984 -.eml[1].eml,406984,[NAME_REDACTED],Good,"Wed, 04 Jun 2025 18:37:03 +0300",degree in medical 2019,no,UK,masters in public health,Jan 2026,Self Funded,[AMOUNT_REDACTED],,CLEAN,html,
Re_ Kenya Office - Counsellor Assessment Form - [NAME_REDACTED] - Good - 500700 -.eml[1].eml,500700,[NAME_REDACTED],Good,"Sat, 06 Dec 2025 11:59:24 +0300",KCSE Grade C+ in 2022,,UK,computer science,,Other family members or relatives,[AMOUNT_REDACTED],,CLEAN,html,
Re_ Assessment form - UK Universities - Kenya Office - cyprian ochieng-Yes- Yes - Jan 2026.eml[1].eml,,[COUNSELLOR_ID],,"Wed, 30 Apr 2025 13:27:09 +0300",Bachelor's degree or equivalent qualification,,,,,,[AMOUNT_REDACTED],,CHECK,html,
Re_ Kenya Office - Counsellor Assessment Form - [NAME_REDACTED] - Cold - 385019 -.eml[1].eml,385019,[NAME_REDACTED],Cold,"Wed, 30 Apr 2025 02:22:04 -0400",High school scored D- cleared in 2021,No,Uk,,,has no funds at the moment,[AMOUNT_REDACTED],,CLEAN,html,
Re_ Kenya Office - Counsellor Assessment Form - [NAME_REDACTED] - Cold - 385053 -.eml[1].eml,385053,[NAME_REDACTED],Cold,"Wed, 30 Apr 2025 02:42:02 -0400",High school scored c-,No,Uk,,,has no funds at the moment,[AMOUNT_REDACTED],,CLEAN,html,
Re_ Kenya Office - Counsellor Assessment Form - [NAME_REDACTED] - Cold - 385083 -.eml[1].eml,385083,[NAME_REDACTED],Cold,"Wed, 30 Apr 2025 02:54:02 -0400",Bachelors degree journalism and mass communication class of 2015,No Kcse B,Uk,Masters in health education,january 2026,still checking finances,[AMOUNT_REDACTED],,CLEAN,html,
Re_ Kenya Office - Counsellor Assessment Form - [NAME_REDACTED] - Cold - 385088 -.eml[1].eml,385088,[NAME_REDACTED],Cold,"Wed, 30 Apr 2025 09:16:46 +0300",[UNIVERSITY],,,,,will attend expo,[AMOUNT_REDACTED],,CLEAN,html,
Re_ Kenya Office - Counsellor Assessment Form - [NAME_REDACTED] - Cold - 385706 -.eml[1].eml,385706,[NAME_REDACTED],Cold,"Wed, 30 Apr 2025 10:12:05 -0400",bachelors degree in construction mgt,No Kcse c-,Uk,Masters in project management,september 2025,has no funds at the moment will get back,[AMOUNT_REDACTED],,CLEAN,html,
Re_ Kenya Office - Counsellor Assessment Form - [NAME_REDACTED] - Cold - 385726 -.eml[1].eml,385726,[NAME_REDACTED],Cold,"Wed, 30 Apr 2025 09:46:04 -0400",studying a bachelors in criminology,NO,Uk,,,,[AMOUNT_REDACTED],,CLEAN,html,
Re_ Kenya Office - Counsellor Assessment Form - [NAME_REDACTED] - Cold - 385754 -.eml[1].eml,385754,[NAME_REDACTED],Cold,"Wed, 30 Apr 2025 09:08:09 -0400",High school,No,Uk,,,has no funds at the moment,[AMOUNT_REDACTED],,CLEAN,html,
Re_ Kenya Office - Counsellor Assessment Form - [NAME_REDACTED] - Cold - 385832 -.eml[1].eml,385832,[NAME_REDACTED],Cold,"Wed, 30 Apr 2025 08:25:03 -0400",[UNIVERSITY],,,,,has no funds at the moment wants a full scholarship,[AMOUNT_REDACTED],,CLEAN,html,
Re_ Kenya Office - Counsellor Assessment Form - [NAME_REDACTED] - Good - 385176 -.eml[1].eml,385176,[NAME_REDACTED],Good,"Wed, 30 Apr 2025 12:47:23 +0300",Bachelors degree in computer science,IELTS 8,Uk,masters in data science and public policy,january 2026,Checking on the funds,[AMOUNT_REDACTED],,CLEAN,html,
Re_ Kenya Office - Counsellor Assessment Form - [NAME_REDACTED] - Good - 385800 -.eml[1].eml,385800,[NAME_REDACTED],Good,"Wed, 30 Apr 2025 15:47:40 +0300",Bachelors degree in biomedical engineering cleared 2022 scored 2nd upper,No Kcse B,Uk,Masters in biomedical or artificial intellenge,september 2025,Other family members or relatives,[AMOUNT_REDACTED],,CLEAN,html,
Re_ Kenya Office - Counsellor Assessment Form - [NAME_REDACTED] - Cold - 385611 -.eml[1].eml,385611,[NAME_REDACTED],Cold,"Wed, 30 Apr 2025 10:19:04 -0400",has done a 3 year diploma in oral health interested in a top up program won't be available for the expo ok to pick up conversation after reviewing his options,,UK,oral health,september 2025,looking for scholarship funding,[AMOUNT_REDACTED],,CLEAN,html,
Re_ Kenya Office - Counsellor Assessment Form - [NAME_REDACTED] - Cold - 385666 -.eml[1].eml,385666,[NAME_REDACTED],,"Wed, 30 Apr 2025 06:34:09 -0400",looking for scholarship no budget will not be available for the expo,,UK,nursing,,,[AMOUNT_REDACTED],,CHECK,html,
Re_ Kenya Office - Counsellor Assessment Form - [NAME_REDACTED] - Cold - 385673 -.eml[1].eml,385673,[NAME_REDACTED],Cold,"Wed, 30 Apr 2025 08:19:06 -0400","will be available for the expo interested in learning more about the nursing program High school completed in 2023 ,scored C No set budget atm",,,nursing,september 2025,looking for scholarship funding,[AMOUNT_REDACTED],,CLEAN,html,
Re_ Kenya Office - Counsellor Assessment Form - [NAME_REDACTED] - Cold - 385675 -.eml[1].eml,385675,[NAME_REDACTED],Cold,"Wed, 30 Apr 2025 08:48:04 -0400",will be available for the expo interested in pursuing a masters program in project management open to any available scholarships available to pick up conversation in-depth after expo,,UK,Project management,september 2025,looking for scholarship funding,[AMOUNT_REDACTED],,CLEAN,html,
Re_ Kenya Office - Counsellor Assessment Form - [NAME_REDACTED] - Cold - 385698 -.eml[1].eml,385698,[NAME_REDACTED],Cold,"Wed, 30 Apr 2025 09:46:06 -0400",will be available for the expo interested in pursuing a degree program in AI has done a diploma in management no set budget at the moment,,UK,Artificial intelligence,september 2025,looking for scholarship funding,[AMOUNT_REDACTED],,CLEAN,html,
Re_ Kenya Office - Counsellor Assessment Form - [NAME_REDACTED] - Cold - 385700 -.eml[1].eml,385700,[NAME_REDACTED],Cold,"Wed, 30 Apr 2025 09:14:10 -0400",will be available for the expo interested in a scholarship interested in pursuing a masters in AI,,UK,Artificial intelligence,september 2025,looking for scholarship funding,[AMOUNT_REDACTED],,CLEAN,html,
Re_ Kenya Office - Counsellor Assessment Form - [NAME_REDACTED] - Cold - 383573 -.eml[1].eml,383573,[NAME_REDACTED],Cold,"Wed, 30 Apr 2025 02:06:25 +0100",KCSE B 2024,No,UK,Education,September,To confirm with parents,[AMOUNT_REDACTED],,CLEAN,html,
Re_ Kenya Office - Counsellor Assessment Form - [NAME_REDACTED] - Cold - 383581 -.eml[1].eml,383581,[NAME_REDACTED],Cold,"Wed, 30 Apr 2025 02:05:03 +0100",KCSE A- 2024,No,"UK,USA",Engineering,September,To confirm with parents,[AMOUNT_REDACTED],,CLEAN,html,
Re_ Kenya Office - Counsellor Assessment Form - [NAME_REDACTED] - Cold - 383590 -.eml[1].eml,383590,[NAME_REDACTED],Cold,"Wed, 30 Apr 2025 07:09:07 -0400",KCSE B+ 2023 Bachelors in IT still ongoing,,"UK, USA",Bsc IT,January 2026,No source of funds,[AMOUNT_REDACTED],,CLEAN,html,
Re_ Kenya Office - Counsellor Assessment Form - [NAME_REDACTED] - Cold - 384319 -.eml[1].eml,384319,[NAME_REDACTED],Cold,"Wed, 30 Apr 2025 11:22:44 +0300",Bachelor in medicine and surgery 2022 KCSE A 2014,No,"UK, Australia",MSC Public health,January 2026,To confirm with parents,[AMOUNT_REDACTED],,CLEAN,html,
Re_ Kenya Office - Counsellor Assessment Form - [NAME_REDACTED] - Cold - 385515 -.eml[1].eml,385515,[NAME_REDACTED],Cold,"Wed, 30 Apr 2025 10:37:05 -0400",Bachelor in Criminology yet to complete KCSE C+ 2021,No,"UK,Canada",Law,January 2026,No source of funds,[AMOUNT_REDACTED],,CLEAN,html,
Re_ Kenya Office - Counsellor Assessment Form - [NAME_REDACTED] - Cold - 385539 -.eml[1].eml,385539,[NAME_REDACTED],Cold,"Wed, 30 Apr 2025 10:30:09 -0400",BCOM 2023 KCSE B- 2017,No,UK,Msc Data analytics,January 2026,No source of funds,[AMOUNT_REDACTED],,CLEAN,html,
Re_ Kenya Office - Counsellor Assessment Form - [NAME_REDACTED] - Cold - 385560 -.eml[1].eml,385560,[NAME_REDACTED],Cold,"Wed, 30 Apr 2025 10:12:07 -0400",KCSE C- 2019 Certificate in Business management still on going,No,UK,Bsc Fashion and Design,January 2026,Wanted a full scholarship,[AMOUNT_REDACTED],,CLEAN,html,
Re_ Kenya Office - Counsellor Assessment Form - [NAME_REDACTED] - Good - 384193 -.eml[1].eml,384193,[NAME_REDACTED],Good,"Wed, 30 Apr 2025 17:34:53 +0300",KCSE A- 2024,No,UK,BSC Marine technology,September,Parents,[AMOUNT_REDACTED],,CLEAN,html,
Re_ Kenya Office - Counsellor Assessment Form - [NAME_REDACTED] - Good - 385548 -.eml[1].eml,385548,[NAME_REDACTED],Good,"Wed, 30 Apr 2025 17:34:37 +0300",KCSE C- 2022,No,UK,"BSC Civil Engineering, Building and construction",January 2026,Parents,[AMOUNT_REDACTED],,CLEAN,html,
Re_ Kenya Office - Counsellor Assessment Form - [NAME_REDACTED] - Cold - - 385491.eml[1].eml,385491,[NAME_REDACTED],Cold,"Wed, 30 Apr 2025 08:58:02 -0400",yet to complete high school,no Exam taken,UK,any,sep 2025,looking for scholarship,[AMOUNT_REDACTED],,CLEAN,html,
Re_ Kenya Office - Counsellor Assessment Form - [NAME_REDACTED] - Cold - 382574 -.eml[1].eml,382574,[NAME_REDACTED],Cold,"Wed, 30 Apr 2025 07:19:05 -0400",high 2022,no IELTS taken,UK,not decided,sep 2025,to attend the expo and make financial plans,[AMOUNT_REDACTED],,CLEAN,html,
Re_ Kenya Office - Counsellor Assessment Form - [NAME_REDACTED] - Cold - 382590 -.eml[1].eml,382590,[NAME_REDACTED],Cold,"Wed, 30 Apr 2025 07:29:06 -0400",kcse currently doin bsc to graduate in 2026,no test done,UK,not decided,2027,still doing financial plans,[AMOUNT_REDACTED],,CLEAN,html,
Re_ Kenya Office - Counsellor Assessment Form - [NAME_REDACTED] - Cold - 382660 -.eml[1].eml,382660,[NAME_REDACTED],Cold,"Wed, 30 Apr 2025 07:41:05 -0400",bachelors 2018,no english proficiency test taken,UK,masters in Environmental Science,sep 2025,Yet to make the financial plan,[AMOUNT_REDACTED],,CLEAN,html,
Re_ Kenya Office - Counsellor Assessment Form - [NAME_REDACTED] - Cold - 383138 -.eml[1].eml,383138,[NAME_REDACTED],,"Wed, 30 Apr 2025 08:21:06 -0400",NA,no test taken,UK,bsc survey,sep 2025,NA,yet to discuss this with the parents,,CHECK,html,
Re_ Kenya Office - Counsellor Assessment Form - [NAME_REDACTED] - Cold - 383378 -.eml[1].eml,383378,[NAME_REDACTED],,"Wed, 30 Apr 2025 09:38:20 +0300",NA,no english test taken,UK,bachelors in commerce,september 2025,Student interested in the fair to attend with parents and know about the cost to make a budget,NA,,CHECK,html,
Re_ Kenya Office - Counsellor Assessment Form - [NAME_REDACTED] - Cold - 385344 -.eml[1].eml,385344,[NAME_REDACTED],Cold,"Wed, 30 Apr 2025 10:24:06 -0400",high 2024,,,software,sep 2025,looking for scholarship,[AMOUNT_REDACTED],,CLEAN,html,
Re_ Kenya Office - Counsellor Assessment Form - [NAME_REDACTED] - Cold - 385348 -.eml[1].eml,385348,[NAME_REDACTED],,"Wed, 30 Apr 2025 10:31:06 -0400",NA,no english test taken,UK,mba,sep 2025,NA,NA,,CHECK,html,
Re_ Kenya Office - Counsellor Assessment Form - [NAME_REDACTED] - Cold - 385370 -.eml[1].eml,385370,[NAME_REDACTED],,"Wed, 30 Apr 2025 10:18:05 -0400",NA,no english test,UK,data science,sep 2025,NOT SURE OF EXACT REQUIRED AMONT TO MAKE BUDGET ON THAT,NA,,CHECK,html,
Re_ Kenya Office - Counsellor Assessment Form - [NAME_REDACTED] - Cold - 385380 -.eml[1].eml,385380,[NAME_REDACTED],,"Wed, 30 Apr 2025 10:07:02 -0400",NA,,UK,media course,sep 2025,NA,NA,,CHECK,html,
Re_ Kenya Office - Counsellor Assessment Form - [NAME_REDACTED] - Cold - 385383 -.eml[1].eml,385383,[NAME_REDACTED],Cold,"Wed, 30 Apr 2025 09:52:07 -0400",high school 2024,no english test done,UK,Nursing,september 2025,still making plans,[AMOUNT_REDACTED],,CLEAN,html,
Re_ Kenya Office - Counsellor Assessment Form - [NAME_REDACTED] - Cold - 385400 -.eml[1].eml,385400,[NAME_REDACTED],,"Wed, 30 Apr 2025 09:39:02 -0400",BA - 2018,no IELTS exam taken,UK,masters in any arts,sep 2025,To attend the fair and make a budget for that,NA,,CHECK,html,
Re_ Kenya Office - Counsellor Assessment Form - [NAME_REDACTED] - Cold - 385463 -.eml[1].eml,385463,[NAME_REDACTED],Cold,"Wed, 30 Apr 2025 09:24:07 -0400",bsc in agriculture,no ielts taken,UK,any agriculture,sep 2025,Education Loan (only India),[AMOUNT_REDACTED],,CLEAN,html,
Re_ Kenya Office - Counsellor Assessment Form - [NAME_REDACTED] - Cold - 385473 -.eml[1].eml,385473,[NAME_REDACTED],,"Wed, 30 Apr 2025 09:11:10 -0400",NA,no english test taken,uk,top up in social work,sep 2025,Looking to attend the fair to know on the requirements and finances,Yet to discus on the cost,,CHECK,html,
Re_ Kenya Office - Counsellor Assessment Form - [NAME_REDACTED] - Cold - 385984 -.eml[1].eml,385984,[NAME_REDACTED],Cold,"Wed, 30 Apr 2025 10:30:06 -0400",Bachelors in Medical BioChemistry JKUAT 2:1 2024 Passport in progress,No KCSE English B 2019,UK,Masters in Clinical BioChemistry,September Intake 2025,Parents,[AMOUNT_REDACTED],,CLEAN,html,
Re_ Kenya Office - Counsellor Assessment Form - [NAME_REDACTED] - Good - 383055 -.eml[1].eml,383055,[NAME_REDACTED],Good,"Wed, 30 Apr 2025 02:01:13 +0100",Bachelors in Information and Systems Technology 2004 3.5 GPA Masters in Information and Communications First Class Honors 2009 Passport [PASSPORT_REDACTED],Has studied in UK,UK,DBA,September Intake 2025,Self Funded,[AMOUNT_REDACTED],,CLEAN,html,
Re_ Kenya Office - Counsellor Assessment Form - [NAME_REDACTED] - Good - 383057 -.eml[1].eml,383057,[NAME_REDACTED],Good,"Tue, 29 Apr 2025 18:57:24 +0300",Bachelors in Hotel Management 2019 UOE 2:1 Passport [PASSPORT_REDACTED],No KCSE English B 2014,UK,MBA/Strategic Management,September Intake 2025,Self Funded,[AMOUNT_REDACTED],,CLEAN,html,
Re_ Kenya Office - Counsellor Assessment Form - [NAME_REDACTED] - Cold - 382503 -.eml[1].eml,382503,[NAME_REDACTED],Cold,"Wed, 30 Apr 2025 04:42:04 -0400",BA international relations 2008,no,UK,law,sep 2025,arranging finances,[AMOUNT_REDACTED],,CLEAN,html,
Re_ Kenya Office - Counsellor Assessment Form - [NAME_REDACTED] - Cold - 383323 -.eml[1].eml,383323,[NAME_REDACTED],Cold,"Wed, 30 Apr 2025 02:59:02 -0400",KCSE 2024 B-,no,UK,law,sep 2025,arranging finances,[AMOUNT_REDACTED],,CLEAN,html,
Re_ Kenya Office - Counsellor Assessment Form - [NAME_REDACTED] - Cold - 385837 -.eml[1].eml,385837,[NAME_REDACTED],Cold,"Wed, 30 Apr 2025 10:31:09 -0400",robotics and mechatronics 2023,no,UK,mechanical_engineering,sep 2025,arranging finances,[AMOUNT_REDACTED],,CLEAN,html,
Re_ Kenya Office - Counsellor Assessment Form - [NAME_REDACTED] - Cold - 385844 -.eml[1].eml,385844,[NAME_REDACTED],Cold,"Wed, 30 Apr 2025 10:21:07 -0400",Clinical surgery 2017 hnd 2022,no,UK,"psychology,physical therapy",jan 26,arranging finances,[AMOUNT_REDACTED],,CLEAN,html,
Re_ Kenya Office - Counsellor Assessment Form - [NAME_REDACTED] - Cold - 385853 -.eml[1].eml,385853,[NAME_REDACTED],Cold,"Wed, 30 Apr 2025 10:00:14 -0400","Bachelor of Business Information Technology, Second Class (Upper Division), 2024",no,UK,cyber security,sep 2025,"scholarship,arranging finances",[AMOUNT_REDACTED],,CLEAN,html,
Re_ Kenya Office - Counsellor Assessment Form - [NAME_REDACTED] - Cold - 385856 -.eml[1].eml,385856,[NAME_REDACTED],Cold,"Wed, 30 Apr 2025 09:45:03 -0400",degree in Computer science 2018,no,UK,comp related,sep 2025,arranging finances,[AMOUNT_REDACTED],,CLEAN,html,
Re_ Kenya Office - Counsellor Assessment Form - [NAME_REDACTED] - Cold - 385899 -.eml[1].eml,385899,[NAME_REDACTED],Cold,"Wed, 30 Apr 2025 09:31:02 -0400",diploma,no,UK,,sep 2025,"scholarship,arranging finances",[AMOUNT_REDACTED],,CLEAN,html,
Re_ Kenya Office - Counsellor Assessment Form - [NAME_REDACTED] - Cold - 501418 -.eml[1].eml,501418,[NAME_REDACTED],Cold,"Tue, 09 Dec 2025 03:55:04 -0500",KCSE 2025 and awaiting results,,Germany and UK,,NEXT YEAR,Parents,[AMOUNT_REDACTED],,CLEAN,html,
Re_ Kenya Office - Counsellor Assessment Form - [NAME_REDACTED] - Good - 501176 -.eml[1].eml,501176,[NAME_REDACTED],Good,"Mon, 08 Dec 2025 06:50:07 -0500",B+ KCSE,,UK,,sep 2026,Parents,[AMOUNT_REDACTED],,CLEAN,html,
Re_ Kenya Office - Counsellor Assessment Form - [NAME_REDACTED] - Good - 501410 -.eml[1].eml,501410,[NAME_REDACTED],Good,"Wed, 10 Dec 2025 03:05:07 -0500",awaiying results,,Canada,health management,september 2026,Parents,[AMOUNT_REDACTED],,CLEAN,html,
Re_ Kenya Office - Counsellor Assessment Form - [NAME_REDACTED] - Cold - 498736 -.eml[1].eml,498736,[NAME_REDACTED],,"Thu, 04 Dec 2025 02:09:03 -0500","4/12/2025 - picked up, heard my introduction and hung up.",,,,,,[AMOUNT_REDACTED],,CHECK,html,
Re_ Kenya Office - Counsellor Assessment Form - [NAME_REDACTED] - Cold - 500601 -.eml[1].eml,500601,[NAME_REDACTED],Cold,"Thu, 04 Dec 2025 06:32:04 -0500","finished high school in 2024, a first year at UoN for data science. Just after high school he did a short course at PAC University got a GPA of 3.7",A - in high school English,undecided,Data Science,not yet decided,Parents,[AMOUNT_REDACTED],,CLEAN,html,
Re_ Kenya Office - Counsellor Assessment Form - [NAME_REDACTED] - Cold - 500862 -.eml[1].eml,500862,[NAME_REDACTED],,"Tue, 09 Dec 2025 06:27:08 -0500",KCSE 2025,,None,international relations and diplomacy,sept 2026,Says the mum will pay but had mentioned her interest lightly to her. Says to be contacted tomorrow about the feedback.,[AMOUNT_REDACTED],,CHECK,html,
Re_ Kenya Office - Counsellor Assessment Form - [NAME_REDACTED] - Cold - 500864 -.eml[1].eml,500864,[NAME_REDACTED],Cold,"Tue, 09 Dec 2025 06:39:10 -0500",KCSE 2025,,none in mind,public health/human resource,sept 2026,"unsure of finances, says will speak to parents",[AMOUNT_REDACTED],,CLEAN,html,
Re_ Kenya Office - Counsellor Assessment Form - [NAME_REDACTED] - Cold - 500875 -.eml[1].eml,500875,[NAME_REDACTED],Cold,"Tue, 09 Dec 2025 07:05:07 -0500",KCSE 2025,,"Germany, Canada","Gaming, animation",sept 2026,Parents,[AMOUNT_REDACTED],,CLEAN,html,
Re_ Kenya Office - Counsellor Assessment Form - [NAME_REDACTED] - Cold - 501213 - 501193.eml[1].eml,501213,[NAME_REDACTED],Cold,"Tue, 09 Dec 2025 03:27:07 -0500",KCSE 2025,,Canada,Medicine & surgery,sept 2026,Parents,[AMOUNT_REDACTED],,CLEAN,html,
Re_ Kenya Office - Counsellor Assessment Form - [NAME_REDACTED] - Cold - 501213 -.eml[1].eml,501213,[NAME_REDACTED],,"Tue, 09 Dec 2025 03:24:08 -0500",KCSE 2025,,UK,Business and finance,sept 2026,Says parents can fund but also looking for scholarships.,[AMOUNT_REDACTED],,CHECK,html,
Re_ Kenya Office - Counsellor Assessment Form - [NAME_REDACTED] - Excellent - 500693 -.eml[1].eml,500693,[NAME_REDACTED],Excellent,"Wed, 10 Dec 2025 07:33:03 -0500","Foundation from Bradford health sciences, 2025. Says visa is almost expiring & that's why he is back in Kenya.","Yes, 2024",UK,Nursing,Feb/March,Parents,[AMOUNT_REDACTED],,CLEAN,html,
Re_ Kenya Office - Counsellor Assessment Form - [NAME_REDACTED] - Good - 498656 -.eml[1].eml,498656,[NAME_REDACTED],,"Thu, 04 Dec 2025 03:58:07 -0500","graduating with an engineering from UoN, 11/12/2025","no, c+in KCSE English",undecided,"engineering, gps,",not yet decided,,[AMOUNT_REDACTED],,CHECK,html,
Re_ Kenya Office - Counsellor Assessment Form - [NAME_REDACTED] - Good - 500599 -.eml[1].eml,500599,[NAME_REDACTED],Good,"Thu, 04 Dec 2025 05:09:08 -0500",KCSE LAST YEAR 2024.,NO,No destination in mind,BACHELOR IN MEDICINE,MARCH,Parents,[AMOUNT_REDACTED],,CLEAN,html,
Re_ Kenya Office - Counsellor Assessment Form - [NAME_REDACTED] - Good - 500603 -.eml[1].eml,500603,[NAME_REDACTED],Good,"Thu, 04 Dec 2025 06:52:07 -0500","just finished high school. She has a passport, is looking for September intake in Malaysia",,malaysia,nursing,september,Parents,[AMOUNT_REDACTED],,CLEAN,html,
Re_ Kenya Office - Counsellor Assessment Form - [NAME_REDACTED] - Good - 500607 -.eml[1].eml,500607,[NAME_REDACTED],,"Thu, 04 Dec 2025 07:59:08 -0500","KCSE certificate, 2024. Currently enrolled at USIU university first year Data Science.",B+ in English,"uk, canada","data science, tech","september, 2026",,[AMOUNT_REDACTED],,CHECK,html,
Re_ Kenya Office - Counsellor Assessment Form - [NAME_REDACTED] - Good - 500618 -.eml[1].eml,500618,[NAME_REDACTED],Good,"Fri, 05 Dec 2025 04:55:06 -0500","KCSE November, 2025",,"us, but flexible","Nursing, medicine","september, 2026",Parents,[AMOUNT_REDACTED],,CLEAN,html,
Re_ Kenya Office - Counsellor Assessment Form - [NAME_REDACTED] - Good - 500621 -.eml[1].eml,500621,[NAME_REDACTED],Good,"Thu, 04 Dec 2025 04:32:04 -0500",1sy year dedan kimathi. civil engineering. no passport,"c+ in KCSE English, no professional tests.",UK,software engineering,"september, 2026",Parents,[AMOUNT_REDACTED],,CLEAN,html,
Re_ Kenya Office - Counsellor Assessment Form - [NAME_REDACTED] - Good - 500658 -.eml[1].eml,500658,[NAME_REDACTED],,"Thu, 04 Dec 2025 04:13:07 -0500",Did kcse 2023.,"no, cannot remember what he got in kcse English. Says a C or C-",any place,"automotive, business course",March,,says the fees is too high for him,,CHECK,html,
Re_ Kenya Office - Counsellor Assessment Form - [NAME_REDACTED] - Cold - 406237 -.eml[1].eml,406237,[NAME_REDACTED],Cold,"Fri, 13 Jun 2025 10:30:08 -0400",13/6 looking for scholarship no set budget September 2025 intake no passport interested in a business related degree,no,UK,business related degree,september 2025,looking for scholarship funding,[AMOUNT_REDACTED],,CLEAN,html,
Re_ Kenya Office - Counsellor Assessment Form - [NAME_REDACTED] - Cold - 406617 -.eml[1].eml,406617,[NAME_REDACTED],Cold,"Fri, 13 Jun 2025 10:36:06 -0400",13/6 no set budget looking for scholarship passport not yet out September 2025 intake looking for a business related program,no,UK,business related degree,september 2025,looking for scholarship funding,[AMOUNT_REDACTED],,CLEAN,html,
Re_ Kenya Office - Counsellor Assessment Form - [NAME_REDACTED] - Cold - 407026 -.eml[1].eml,407026,[NAME_REDACTED],Cold,"Fri, 13 Jun 2025 10:24:05 -0400",13/6 Looking for scholarship no set budget atm looking for a theology program September 2025 intake,no,UK,theology,september 2025,looking for scholarship funding,[AMOUNT_REDACTED],,CLEAN,html,
Re_ Kenya Office - Counsellor Assessment Form - [NAME_REDACTED] - Cold - 407050 -.eml[1].eml,407050,[NAME_REDACTED],Cold,"Fri, 13 Jun 2025 10:39:04 -0400",13/6 no set budget looking for scholarship passport not yet out September 2025 intake looking for a business related masters program,no,UK,business related degree,september 2025,looking for scholarship funding,[AMOUNT_REDACTED],,CLEAN,html,
Re_ Kenya Office - Counsellor Assessment Form - [NAME_REDACTED] - Cold - 500720 -.eml[1].eml,500720,[NAME_REDACTED],Cold,"Tue, 09 Dec 2025 07:37:07 -0500",DIPLOMA 2023,no,uk,opthalmology and top up course in medical field,2026,Self Funded,[AMOUNT_REDACTED],,CLEAN,html,
Re_ Kenya Office - Counsellor Assessment Form - [NAME_REDACTED] - Cold - 500794 -.eml[1].eml,500794,[NAME_REDACTED],Cold,"Tue, 09 Dec 2025 07:27:10 -0500",KCSE c 2023,has not taken tests,Germany,Artificial intelligence,2026,Parents,[AMOUNT_REDACTED],,CLEAN,html,
Re_ Kenya Office - Counsellor Assessment Form - [NAME_REDACTED] - Cold - 500850 -.eml[1].eml,500850,[NAME_REDACTED],Cold,"Tue, 09 Dec 2025 08:44:06 -0500",kcse b- 2023,no,uk,nursing,2026,Parents,[AMOUNT_REDACTED],,CLEAN,html,
Re_ Kenya Office - Counsellor Assessment Form - [NAME_REDACTED] - Cold - 500858 -.eml[1].eml,500858,[NAME_REDACTED],Cold,"Tue, 09 Dec 2025 08:49:07 -0500","She is not yet done with high school, still in high school",,uk,public health,,Parents,[AMOUNT_REDACTED],,CLEAN,html,
Re_ Kenya Office - Counsellor Assessment Form - [NAME_REDACTED] - Cold - 501429 -.eml[1].eml,501429,[NAME_REDACTED],Cold,"Tue, 09 Dec 2025 10:34:06 -0500",kcse b 2023,,uk,education in science,2026,Parents,[AMOUNT_REDACTED],,CLEAN,html,
Re_ Kenya Office - Counsellor Assessment Form - [NAME_REDACTED] - Cold - 501436 -.eml[1].eml,501436,[NAME_REDACTED],,"Tue, 09 Dec 2025 10:23:07 -0500",bachelors degree second upper 2025,not yet,uk,international relations,2026,,is looking for scholarships. cannot afford fees,,CHECK,html,
Re_ Kenya Office - Counsellor Assessment Form - [NAME_REDACTED] - Cold - 501624 -.eml[1].eml,501624,[NAME_REDACTED],Cold,"Tue, 09 Dec 2025 10:15:05 -0500",diploma in nursing 2023,no,uk,nursing,,Parents,[AMOUNT_REDACTED],,CLEAN,html,
Re_ Kenya Office - Counsellor Assessment Form - [NAME_REDACTED] - Cold - 405665 -.eml[1].eml,405665,[NAME_REDACTED],Cold,"Thu, 12 Jun 2025 10:02:08 -0400",KCSE D- 2024 No Passport,,,,,Scholarship,[AMOUNT_REDACTED],,CLEAN,html,
Re_ Kenya Office - Counsellor Assessment Form - [NAME_REDACTED] - Cold - 405695 -.eml[1].eml,405695,[NAME_REDACTED],Cold,"Thu, 12 Jun 2025 09:51:07 -0400",KCSE C+ 2024 No Passport,No KCSE English C+,UK,Hospitality Management,September Intake 2025,Parents,[AMOUNT_REDACTED],,CLEAN,html,
Re_ Kenya Office - Counsellor Assessment Form - [NAME_REDACTED] - Cold - 405699 -.eml[1].eml,405699,[NAME_REDACTED],Cold,"Fri, 13 Jun 2025 09:08:05 -0400",KCSE C- 2023 Passport [PASSPORT_REDACTED],KCSE English D+,UK,Nursing,September Intake 2025,Parents,[AMOUNT_REDACTED],,CLEAN,html,
Re_ Kenya Office - Counsellor Assessment Form - [NAME_REDACTED] - Cold - 406475 -.eml[1].eml,406475,[NAME_REDACTED],Cold,"Fri, 13 Jun 2025 05:34:05 -0400",KCSE E 2024 No Passport,,,,,Scholarship,[AMOUNT_REDACTED],,CLEAN,html,
Re_ Kenya Office - Counsellor Assessment Form - [NAME_REDACTED] - Cold - 406476 -.eml[1].eml,406476,[NAME_REDACTED],Cold,"Fri, 13 Jun 2025 05:39:06 -0400",Bachelors in Finance 2016 JKUAT 2:1 Passport [PASSPORT_REDACTED],KCSE English B- 2007,UK,Business-Related,,Scholarship,[AMOUNT_REDACTED],,CLEAN,html,
Re_ Kenya Office - Counsellor Assessment Form - [NAME_REDACTED] - Cold - 414947 -.eml[1].eml,414947,[NAME_REDACTED],Cold,"Fri, 04 Jul 2025 08:39:05 -0400",KCSE D 2019 Passport in progress,C+,UK,Bsc in Journalism,Jan Intake 2026,Scholarship,[AMOUNT_REDACTED],,CLEAN,html,
Re_ Kenya Office - Counsellor Assessment Form - [NAME_REDACTED] - Good - 406302 -.eml[1].eml,406302,[NAME_REDACTED],Good,"Fri, 13 Jun 2025 09:54:44 +0300",Bachelors in Education 2012 Maside Muliro 2:2 Passport [PASSPORT_REDACTED],No KCSE English B 2006,UK,Masters in Special Needs and Disability,September Intake 2025,Self Funded,[AMOUNT_REDACTED],,CLEAN,html,
Re_ Kenya Office - Counsellor Assessment Form - [NAME_REDACTED] - Cold - 404987 -.eml[1].eml,404987,[NAME_REDACTED],Cold,"Thu, 12 Jun 2025 08:15:04 -0400","Degree in project management(yet to graduate) diploma in supply management 2016,interest degree business ,mba,commercial law ,jan intake,yet to graduate waiting for results",no,UK,"mba,commercial law",Jan 2026,arranging finances,[AMOUNT_REDACTED],,CLEAN,html,
Re_ Kenya Office - Counsellor Assessment Form - [NAME_REDACTED] - Cold - 405489 -.eml[1].eml,405489,[NAME_REDACTED],Cold,"Fri, 13 Jun 2025 04:44:06 -0400",engineering certificate 2024,no,uk,mechanical engineering,sep 2025,"scholarship,arranging finances",[AMOUNT_REDACTED],,CLEAN,html,
Re_ Kenya Office - Counsellor Assessment Form - [NAME_REDACTED] - Cold - 405962 -.eml[1].eml,405962,[NAME_REDACTED],Cold,"Thu, 12 Jun 2025 05:58:06 -0400",diploma in information science yet to graduate,no,UK,information science,sep 2025,"scholarship,arranging finances",[AMOUNT_REDACTED],,CLEAN,html,
Re_ Kenya Office - Counsellor Assessment Form - [NAME_REDACTED] - Cold - 500688 -.eml[1].eml,500688,[NAME_REDACTED],,"Tue, 09 Dec 2025 06:59:10 -0500",Waiting for KCSE results.,no,any,Bachelor in Nursing,,,[AMOUNT_REDACTED],,CHECK,html,
Re_ Kenya Office - Counsellor Assessment Form - [NAME_REDACTED] - Cold - 500691 -.eml[1].eml,500691,[NAME_REDACTED],Cold,"Wed, 10 Dec 2025 07:39:10 -0500","KCSE in 2022, Diploma in Software Engineering 2025, Continuing 2nd year Degree student in Software Engineering.",No.,,Masters in Software Engineering,,Parents,[AMOUNT_REDACTED],,CLEAN,html,
Re_ Kenya Office - Counsellor Assessment Form - [NAME_REDACTED] - Cold - 500706 -.eml[1].eml,500706,[NAME_REDACTED],Cold,"Thu, 04 Dec 2025 07:57:07 -0500",Lead name - faith. Completed a diploma in forestry in 2023 Currently started doing a similar degree in 2024,No.,UK,Masters in Forestry,May 2026,Parents,[AMOUNT_REDACTED],,CLEAN,html,
Re_ Kenya Office - Counsellor Assessment Form - [NAME_REDACTED] - Cold - 500712 -.eml[1].eml,500712,[NAME_REDACTED],Cold,"Thu, 04 Dec 2025 08:26:05 -0500",KCSE - B+ 2023,No,,Degree in Pharmacy,,Parents,[AMOUNT_REDACTED],,CLEAN,html,
Re_ Kenya Office - Counsellor Assessment Form - [NAME_REDACTED] - Cold - 500713 -.eml[1].eml,500713,[NAME_REDACTED],,"Mon, 08 Dec 2025 02:18:06 -0500",In her fourth year of studying Public policy at Kenyatta University,no,UK,Msc Public Administration and Policy,,,[AMOUNT_REDACTED],,CHECK,html,
Re_ Kenya Office - Counsellor Assessment Form - [NAME_REDACTED] - Cold - 501306 -.eml[1].eml,501306,[NAME_REDACTED],Cold,"Sat, 06 Dec 2025 12:19:43 +0300",Graduated with a diploma in nursing in 2023,No.,"germany, uk",,,Parents,[AMOUNT_REDACTED],,CLEAN,html,
Re_ Kenya Office - Counsellor Assessment Form - [NAME_REDACTED] - Good - 499069 -.eml[1].eml,499069,[NAME_REDACTED],Good,"Tue, 09 Dec 2025 06:09:02 -0500",bachelors in electrical and mechanical engineering. graduated in 2023,"Yes, he is due to sit for examination in about 2 weeks","UK, Germany Canada",Masters in Electrical Engineering,,Self Funded,[AMOUNT_REDACTED],,CLEAN,html,
Re_ Kenya Office - Counsellor Assessment Form - [NAME_REDACTED] - Good - 500704 -.eml[1].eml,500704,[NAME_REDACTED],Good,"Thu, 04 Dec 2025 09:08:09 -0500",Bachelors degree in public administration and policy development. second class honors.,no,,,,Parents,[AMOUNT_REDACTED],,CLEAN,html,
Re_ Kenya Office - Counsellor Assessment Form - [NAME_REDACTED] - Good - 500708 -.eml[1].eml,500708,[NAME_REDACTED],Good,"Fri, 05 Dec 2025 03:28:03 -0500",Graduated with a diploma in food production in March 2025.,no.,UK,anything in hospitality,,Parents,[AMOUNT_REDACTED],,CLEAN,html,
Re_ Kenya Office - Counsellor Assessment Form - [NAME_REDACTED] - Good - 501310 -.eml[1].eml,501310,[NAME_REDACTED],Good,"Mon, 08 Dec 2025 02:22:05 -0500",Currently awaiting KCSE results,No.,UK,Finance And Accounting,Sept 2026,Parents,[AMOUNT_REDACTED],,CLEAN,html,
Re_ Kenya Office - Counsellor Assessment Form - [NAME_REDACTED] - Cold - 385031 -.eml[1].eml,385031,[NAME_REDACTED],Cold,"Tue, 29 Apr 2025 08:17:04 -0400",Diploma in psychology,No Kcse c,Uk,bachelors degree in Education,january 2026,still checking on finances,[AMOUNT_REDACTED],,CLEAN,html,
Re_ Kenya Office - Counsellor Assessment Form - [NAME_REDACTED] - Cold - 385032 -.eml[1].eml,385032,[NAME_REDACTED],Cold,"Tue, 29 Apr 2025 07:57:02 -0400",Diploma in finance,No Kcse c+,Uk,bachelors in finance,september 2025,has no funds at the moment,[AMOUNT_REDACTED],,CLEAN,html,
Re_ Kenya Office - Counsellor Assessment Form - [NAME_REDACTED] - Cold - 385059 -.eml[1].eml,385059,[NAME_REDACTED],Cold,"Tue, 29 Apr 2025 08:09:04 -0400",[UNIVERSITY],,,,,wants a fullscolarship,[AMOUNT_REDACTED],,CLEAN,html,
Re_ Kenya Office - Counsellor Assessment Form - [NAME_REDACTED] - Cold - 385090 -.eml[1].eml,385090,[NAME_REDACTED],Cold,"Tue, 29 Apr 2025 06:12:07 -0400",Studying mass communication at Egerton 4th,Kcse B+,Uk,masters in mass communication,january 2026,has no funds at the moment,[AMOUNT_REDACTED],,CLEAN,html,
Re_ Kenya Office - Counsellor Assessment Form - [NAME_REDACTED] - Cold - 385092 -.eml[1].eml,385092,[NAME_REDACTED],Cold,"Tue, 29 Apr 2025 06:03:04 -0400",Certificate in food and beverage,no,uk,food and beverage,january 2026,still looking for funds,[AMOUNT_REDACTED],,CLEAN,html,
Re_ Kenya Office - Counsellor Assessment Form - [NAME_REDACTED] - Cold - 385114 -.eml[1].eml,385114,[NAME_REDACTED],Cold,"Tue, 29 Apr 2025 05:54:02 -0400",Diploma in community development,Kcse,Uk,,,working on funds will attend expo,[AMOUNT_REDACTED],,CLEAN,html,
Re_ Kenya Office - Counsellor Assessment Form - [NAME_REDACTED] - Cold - 385121 -.eml[1].eml,385121,[NAME_REDACTED],Cold,"Tue, 29 Apr 2025 05:33:02 -0400",Bachelors degree disasters mgt,No kCSEB+,Uk,,,has no funds at the moment wants a full scholarship,[AMOUNT_REDACTED],,CLEAN,html,
Re_ Kenya Office - Counsellor Assessment Form - [NAME_REDACTED] - Cold - 385123 -.eml[1].eml,385123,[NAME_REDACTED],Cold,"Tue, 29 Apr 2025 05:30:08 -0400",studying a bachelors degree in public health,,,,,has no funds at the moment,[AMOUNT_REDACTED],,CLEAN,html,
Re_ Kenya Office - Counsellor Assessment Form - [NAME_REDACTED] - Cold - 385125 -.eml[1].eml,385125,[NAME_REDACTED],,"Tue, 29 Apr 2025 05:23:05 -0400",[UNIVERSITY],,,,,,[AMOUNT_REDACTED],,CHECK,html,
Re_ Kenya Office - Counsellor Assessment Form - [NAME_REDACTED] - Cold - 384886 -.eml[1].eml,384886,[NAME_REDACTED],Cold,"Tue, 29 Apr 2025 10:58:07 -0400",has a degree and background in accounting and finance interested in an MBA will be available for the expo,none yet,UK,MBA,september 2025,looking for scholarship funding,[AMOUNT_REDACTED],,CLEAN,html,
Re_ Kenya Office - Counsellor Assessment Form - [NAME_REDACTED] - Cold - 384905 -.eml[1].eml,384905,[NAME_REDACTED],Cold,"Tue, 29 Apr 2025 11:07:05 -0400",interested in a phd program september 2025 intake will be available for the expo,none yet,UK,phd,september 2025,looking for scholarship funding,[AMOUNT_REDACTED],,CLEAN,html,
Re_ Kenya Office - Counsellor Assessment Form - [NAME_REDACTED] - Cold - 384934 -.eml[1].eml,384934,[NAME_REDACTED],Cold,"Tue, 29 Apr 2025 09:50:03 -0400",will not be available for the expo interested in a masters program in public health no working budget at the moment interested in a scholarship ok to pick up conversation after reviewing estimates,none yet,UK,public health,september 2025,looking for scholarship funding,[AMOUNT_REDACTED],,CLEAN,html,
Re_ Kenya Office - Counsellor Assessment Form - [NAME_REDACTED] - Cold - 384989 -.eml[1].eml,384989,[NAME_REDACTED],Cold,"Tue, 29 Apr 2025 05:43:07 -0400",will be available for the expo interested in pursuing a masters program in civil engineering no set budget atm,none,UK,civil engineering,september 2025,looking for scholarship funding,[AMOUNT_REDACTED],,CLEAN,html,
Re_ Kenya Office - Counsellor Assessment Form - [NAME_REDACTED] - Cold - 385001 -.eml[1].eml,385001,[NAME_REDACTED],Cold,"Tue, 29 Apr 2025 05:58:04 -0400",will be available for the expo looking to make a general inquiry on studying in the UK,,UK,,september 2025,looking for scholarship funding,[AMOUNT_REDACTED],,CLEAN,html,
Re_ Kenya Office - Counsellor Assessment Form - [NAME_REDACTED] - Cold - 385004 -.eml[1].eml,385004,[NAME_REDACTED],Cold,"Tue, 29 Apr 2025 07:54:06 -0400","will be available for the expo interested in learning more about the MRes programs on offer does not have a set budget however, interested i a scholarship opportunity",None,UK,MRes,september 2025,looking for scholarship funding,[AMOUNT_REDACTED],,CLEAN,html,
Re_ Kenya Office - Counsellor Assessment Form - [NAME_REDACTED] - Cold - 385018 -.eml[1].eml,385018,[NAME_REDACTED],Cold,"Tue, 29 Apr 2025 08:53:07 -0400",currently enrolled pursuing his bachelors will be graduating in June Open to 2026 January intake yet to have discussion with family on budget,none yet,UK,digital marketing,January 2026,looking for scholarship funding,[AMOUNT_REDACTED],,CLEAN,html,
Re_ Kenya Office - Counsellor Assessment Form - [NAME_REDACTED] - Cold - 383139 -.eml[1].eml,383139,[NAME_REDACTED],Cold,"Tue, 29 Apr 2025 10:31:07 -0400",Bachelors in communication public relations in the second year KCSE C+2024,No,UK,Nursing,September,To confirm with parents,[AMOUNT_REDACTED],,CLEAN,html,
Re_ Kenya Office - Counsellor Assessment Form - [NAME_REDACTED] - Cold - 383701 -.eml[1].eml,383701,[NAME_REDACTED],Cold,"Tue, 29 Apr 2025 11:08:02 -0400","Diploma in care giving ,catering and tourism KCSE D- 2008",No,UK,"Hospitality,tourism management, care giving",September,To confirm,[AMOUNT_REDACTED],,CLEAN,html,
Re_ Kenya Office - Counsellor Assessment Form - [NAME_REDACTED] - Cold - 384176 -.eml[1].eml,384176,[NAME_REDACTED],Cold,"Tue, 29 Apr 2025 10:13:07 -0400",Diploma in automotive engineering 2025 KCSE C- 2022,No,UK,Bachelors mass communication,January 2026,Wanted a full scholarship,[AMOUNT_REDACTED],,CLEAN,html,
Re_ Kenya Office - Counsellor Assessment Form - [NAME_REDACTED] - Cold - 384181 -.eml[1].eml,384181,[NAME_REDACTED],Cold,"Tue, 29 Apr 2025 10:05:08 -0400",Diploma building and construction 2011 KCSE C- 1999,No,UK,Bsc Civil Engineering or construction management,January 2026,Wanted a full scholarship,[AMOUNT_REDACTED],,CLEAN,html,
Re_ Kenya Office - Counsellor Assessment Form - [NAME_REDACTED] - Cold - 384187 -.eml[1].eml,384187,[NAME_REDACTED],Cold,"Tue, 29 Apr 2025 09:58:02 -0400",KCSE D- 2024,No,UK,Nursing,September,To confirm with parents,[AMOUNT_REDACTED],,CLEAN,html,
Re_ Kenya Office - Counsellor Assessment Form - [NAME_REDACTED] - Cold - 384208 -.eml[1].eml,384208,[NAME_REDACTED],Cold,"Tue, 29 Apr 2025 09:34:09 -0400",Certificate in automotive engineering 2023 KCSE D 2020,No,UK,Mechanical engineering,September,To wait till end of May to proceed,[AMOUNT_REDACTED],,CLEAN,html,
Re_ Kenya Office - Counsellor Assessment Form - [NAME_REDACTED] - Cold - 384287 -.eml[1].eml,384287,[NAME_REDACTED],Cold,"Tue, 29 Apr 2025 09:00:10 -0400",KCSE B+ 2012,No,"UK,USA",Law,January 2026,No source of funds,[AMOUNT_REDACTED],,CLEAN,html,
Re_ Kenya Office - Counsellor Assessment Form - [NAME_REDACTED] - Cold - 384302 -.eml[1].eml,384302,[NAME_REDACTED],Cold,"Tue, 29 Apr 2025 08:45:07 -0400",KCSE B 2024,No,"UK,Canada",Cyber security,January 2026,Wanted a full scholarship,[AMOUNT_REDACTED],,CLEAN,html,
Re_ Kenya Office - Counsellor Assessment Form - [NAME_REDACTED] - Cold - 384320 -.eml[1].eml,384320,[NAME_REDACTED],Cold,"Tue, 29 Apr 2025 08:05:06 -0400",Diploma in supply chain management 2017 KCSE C 2014,No,UK,Bsc Supply chain management,September,No source of funds,[AMOUNT_REDACTED],,CLEAN,html,
Re_ Kenya Office - Counsellor Assessment Form - [NAME_REDACTED] - Cold - 382548 -.eml[1].eml,382548,[NAME_REDACTED],,"Tue, 29 Apr 2025 10:22:03 -0400",NA,no test,any,project management,sep 2025,LOOKING TO ATTEND THE FAIR FIRST,NA,,CHECK,html,
Re_ Kenya Office - Counsellor Assessment Form - [NAME_REDACTED] - Cold - 382556 -.eml[1].eml,382556,[NAME_REDACTED],Cold,"Tue, 29 Apr 2025 10:09:09 -0400",bsc film 2024,no english test done,UK,msc film,sep 2025,looking for scholarship,[AMOUNT_REDACTED],,CLEAN,html,
Re_ Kenya Office - Counsellor Assessment Form - [NAME_REDACTED] - Cold - 382572 -.eml[1].eml,382572,[NAME_REDACTED],Cold,"Tue, 29 Apr 2025 10:00:08 -0400",diploma in BBIT,No english test taken,UK,top up in any related field,sep 2025,to discuss with the guardian,[AMOUNT_REDACTED],,CLEAN,html,
Re_ Kenya Office - Counsellor Assessment Form - [NAME_REDACTED] - Cold - 382602 -.eml[1].eml,382602,[NAME_REDACTED],Cold,"Tue, 29 Apr 2025 09:40:08 -0400",yet to complete high school,no english test taken,UK,not decided,sep 2025,"looking for scholarship,",[AMOUNT_REDACTED],,CLEAN,html,
Re_ Kenya Office - Counsellor Assessment Form - [NAME_REDACTED] - Cold - 382608 -.eml[1].eml,382608,[NAME_REDACTED],,"Tue, 29 Apr 2025 08:28:02 -0400",NA,no ielts exam done,UK,fashion and textile,sep 2025,to Attend the expo and get more information on the same,NA,,CHECK,html,
Re_ Kenya Office - Counsellor Assessment Form - [NAME_REDACTED] - Cold - 382613 -.eml[1].eml,382613,[NAME_REDACTED],Cold,"Tue, 29 Apr 2025 08:39:09 -0400",Diploma in electrical engineering,has not done any language test,UK,bachelors in electrical engineering,september 2025,still making financial plans,[AMOUNT_REDACTED],,CLEAN,html,
Re_ Kenya Office - Counsellor Assessment Form - [NAME_REDACTED] - Cold - 382640 -.eml[1].eml,382640,[NAME_REDACTED],Cold,"Tue, 29 Apr 2025 08:15:03 -0400",bsc computer science,no english test taken,UK,COMPUTER SCIENCE,sep 2025,Parents,[AMOUNT_REDACTED],,CLEAN,html,
Re_ Kenya Office - Counsellor Assessment Form - [NAME_REDACTED] - Cold - 382679 -.eml[1].eml,382679,[NAME_REDACTED],Cold,"Tue, 29 Apr 2025 07:57:02 -0400",kcse 2024,no english test,UK,mechanical engineering,JAN 2026,looking for scholarship,[AMOUNT_REDACTED],,CLEAN,html,
Re_ Kenya Office - Counsellor Assessment Form - [NAME_REDACTED] - Cold - 382685 -.eml[1].eml,382685,[NAME_REDACTED],Cold,"Tue, 29 Apr 2025 07:49:08 -0400",BA IN COUNSELLING PSYCHOLOGY,no english exam taken,UK,msc psychology,sep 2025,looking for scholarship,[AMOUNT_REDACTED],,CLEAN,html,
Re_ Kenya Office - Counsellor Assessment Form - [NAME_REDACTED] - Cold - 382702 -.eml[1].eml,382702,[NAME_REDACTED],Cold,"Tue, 29 Apr 2025 06:19:06 -0400",diploma electcrical engineering,no english test taken,UK,film,sep 2025,looking for scholarship,[AMOUNT_REDACTED],,CLEAN,html,
Re_ Kenya Office - Counsellor Assessment Form - [NAME_REDACTED] - Cold - 382725 -.eml[1].eml,382725,[NAME_REDACTED],Cold,"Tue, 29 Apr 2025 06:01:04 -0400",bsc food science,no english test taken,UK,msc food science,sep 2025,Parents,[AMOUNT_REDACTED],,CLEAN,html,
Re_ Kenya Office - Counsellor Assessment Form - [NAME_REDACTED] - Cold - 382763 -.eml[1].eml,382763,[NAME_REDACTED],,"Tue, 29 Apr 2025 10:40:09 -0400",NA,NO ENGLISH TEST,,IT,sep 2025,TO ATTEND THE EXPO,YET TO DISCUSS WITH THEM,,CHECK,html,
Re_ Kenya Office - Counsellor Assessment Form - [NAME_REDACTED] - Cold - 382772 -.eml[1].eml,382772,[NAME_REDACTED],Cold,"Tue, 29 Apr 2025 10:33:06 -0400",BSC ENVIROMENTAL PLANNING,NO IELTS TAKEN,UK,MASTERS IN GEOGRAPHICAL DATA,sep 2025,Yet to come to a conclusion on the finances,[AMOUNT_REDACTED],,CLEAN,html,
Re_ Kenya Office - Counsellor Assessment Form - [NAME_REDACTED] - Cold - 382779 -.eml[1].eml,382779,[NAME_REDACTED],Cold,"Tue, 29 Apr 2025 05:43:06 -0400",bachelors in vet medicine 2022,no test taken,UK,mba / msc vet med,sep 2025,looking for scholarship,[AMOUNT_REDACTED],,CLEAN,html,
Re_ Kenya Office - Counsellor Assessment Form - [NAME_REDACTED] - Cold - 382253 -.eml[1].eml,382253,[NAME_REDACTED],Cold,"Tue, 29 Apr 2025 07:55:05 -0400",Masters in Law 2024 UON Bachelors in Law 2:1 Passport [PASSPORT_REDACTED],IELTS Academic 7.5 overall 7.0 minimum,UK,PHD,September Intake 2025,Scholarship,[AMOUNT_REDACTED],,CLEAN,html,
Re_ Kenya Office - Counsellor Assessment Form - [NAME_REDACTED] - Cold - 385202 -.eml[1].eml,385202,[NAME_REDACTED],Cold,"Tue, 29 Apr 2025 06:46:07 -0400",Bachelors in IR 2015 UON 2:1 Passport valid,,,,,Scholarship,[AMOUNT_REDACTED],,CLEAN,html,
Re_ Kenya Office - Counsellor Assessment Form - [NAME_REDACTED] - Cold - 385235 -.eml[1].eml,385235,[NAME_REDACTED],Cold,"Tue, 29 Apr 2025 06:36:04 -0400",KCSE C+ 2014 Passport [PASSPORT_REDACTED],No KCSE English B+,UK,Hospitality Management,,Self Funded,[AMOUNT_REDACTED],,CLEAN,html,
Re_ Kenya Office - Counsellor Assessment Form - [NAME_REDACTED] - Good - 382993 -.eml[1].eml,382993,[NAME_REDACTED],Good,"Tue, 29 Apr 2025 15:58:57 +0300",Bachelors in Environmental Science JKUAT 2019 2:1 Passport [PASSPORT_REDACTED],No-Preparing for PTE KCSE English B- 2014,UK,Msc in Environmental Science,September Intake 2025,Parents,[AMOUNT_REDACTED],,CLEAN,html,
Re_ Kenya Office - Counsellor Assessment Form - [NAME_REDACTED] - Good - 383057 -.eml[1].eml,383057,[NAME_REDACTED],Good,"Tue, 29 Apr 2025 18:57:24 +0300",Bachelors in Hotel Management 2019 UOE 2:1 Passport [PASSPORT_REDACTED],No KCSE English B 2014,UK,MBA/Strategic Management,September Intake 2025,Self Funded,[AMOUNT_REDACTED],,CLEAN,html,
Re_ Kenya Office - Counsellor Assessment Form - [NAME_REDACTED] - Good - 385247 -.eml[1].eml,385247,[NAME_REDACTED],Good,"Tue, 29 Apr 2025 13:13:23 +0300",DIPLOMA IN QUANTITY SURVEY 2022 KIHBT Credit Passport [PASSPORT_REDACTED],No KCSE English C+,UK,Bachelors in QS,September Intake 2025,Parents,[AMOUNT_REDACTED],,CLEAN,html,
Re_ Kenya Office - Counsellor Assessment Form - [NAME_REDACTED] - Cold - 382425 -.eml[1].eml,382425,[NAME_REDACTED],Cold,"Tue, 29 Apr 2025 07:59:10 -0400",kcse 2024 C+,no,UK,civil engineering,sep 2025,arranging finances,[AMOUNT_REDACTED],,CLEAN,html,
Re_ Kenya Office - Counsellor Assessment Form - [NAME_REDACTED] - Cold - 382430 -.eml[1].eml,382430,[NAME_REDACTED],Cold,"Tue, 29 Apr 2025 07:50:03 -0400",KCSE B+ 2019,no,UK,Nursing,Jan 2026,arranging finances,[AMOUNT_REDACTED],,CLEAN,html,
Re_ Kenya Office - Counsellor Assessment Form - [NAME_REDACTED] - Cold - 382431 -.eml[1].eml,382431,[NAME_REDACTED],Cold,"Tue, 29 Apr 2025 07:43:02 -0400",c- 2024,no,UK,mechanical engineering,sep 2025,Lack of finances,[AMOUNT_REDACTED],,CLEAN,html,
Re_ Kenya Office - Counsellor Assessment Form - [NAME_REDACTED] - Cold - 382484 -.eml[1].eml,382484,[NAME_REDACTED],Cold,"Tue, 29 Apr 2025 06:05:05 -0400",bsc of science in mech eng 2022,no,uk,mechanical engineering,sep 2025,"scholarship,loans",[AMOUNT_REDACTED],,CLEAN,html,
Re_ Kenya Office - Counsellor Assessment Form - [NAME_REDACTED] - Cold - 382519 -.eml[1].eml,382519,[NAME_REDACTED],Cold,"Tue, 29 Apr 2025 05:27:07 -0400","bachelor in law,masters in law 2025",no,uk,phd interlectual property law,Jan 2026,"scholarship,arranging finances",[AMOUNT_REDACTED],,CLEAN,html,
Re_ Kenya Office - Counsellor Assessment Form - [NAME_REDACTED] - Cold - 375266 -.eml[1].eml,375266,[NAME_REDACTED],Cold,"Thu, 10 Apr 2025 02:35:10 -0400",High school scored a C+,no Kcse c-,Uk,bachelors degree in business,september 2025,applicant wants a full scholarship,[AMOUNT_REDACTED],,CLEAN,html,
Re_ Kenya Office - Counsellor Assessment Form - [NAME_REDACTED] - Cold - 375732 -.eml[1].eml,375732,[NAME_REDACTED],Cold,"Thu, 03 Apr 2025 03:34:07 -0400",Highs school scored a D plain cleared last year,no,Uk,,,has funds to proceed,[AMOUNT_REDACTED],,CLEAN,html,
Re_ Kenya Office - Counsellor Assessment Form - [NAME_REDACTED] - Cold - 384043 -.eml[1].eml,384043,[NAME_REDACTED],Cold,"Mon, 28 Apr 2025 09:30:07 -0400",[UNIVERSITY],,,,,Wants to attend the expo first,[AMOUNT_REDACTED],,CLEAN,html,
Re_ Kenya Office - Counsellor Assessment Form - [NAME_REDACTED] - Cold - 404488 -.eml[1].eml,404488,[NAME_REDACTED],Cold,"Fri, 30 May 2025 04:36:03 -0400",High school scored a c+,no,Uk,,,wants a full scholarship,[AMOUNT_REDACTED],,CLEAN,html,
Re_ Kenya Office - Counsellor Assessment Form - [NAME_REDACTED] - Cold - 404666 -.eml[1].eml,404666,[NAME_REDACTED],Cold,"Thu, 29 May 2025 09:35:05 -0400",High school SCORED D-,NO,Uk,,,has no funds at the moment,[AMOUNT_REDACTED],,CLEAN,html,
Re_ Kenya Office - Counsellor Assessment Form - [NAME_REDACTED] - Cold - 404683 -.eml[1].eml,404683,[NAME_REDACTED],Cold,"Fri, 30 May 2025 02:59:05 -0400",High school scored D+ cleared in 2023,,,,,has no funds,[AMOUNT_REDACTED],,CLEAN,html,
Re_ Kenya Office - Counsellor Assessment Form - [NAME_REDACTED] - Cold - 405509 -.eml[1].eml,405509,[NAME_REDACTED],Cold,"Fri, 30 May 2025 08:56:03 -0400",High school cleared in 2023 scored B+,no,uk,,,has no funds at the moment,[AMOUNT_REDACTED],,CLEAN,html,
Re_ Kenya Office - Counsellor Assessment Form - [NAME_REDACTED] - Cold - 406639 -.eml[1].eml,406639,[NAME_REDACTED],Cold,"Thu, 05 Jun 2025 02:23:05 -0400",High school scores A D plain,no,Uk,bachelors in communication,september 2025,has no funds at the moment,[AMOUNT_REDACTED],,CLEAN,html,
Re_ Kenya Office - Counsellor Assessment Form - [NAME_REDACTED] - Cold - 406788 -.eml[1].eml,406788,[NAME_REDACTED],Cold,"Tue, 10 Jun 2025 02:53:03 -0400",high schoolnc+,no,Uk,,,has no funds at the moment,[AMOUNT_REDACTED],,CLEAN,html,
Re_ Kenya Office - Counsellor Assessment Form - [NAME_REDACTED] - Cold - 406807 -.eml[1].eml,406807,[NAME_REDACTED],Cold,"Wed, 04 Jun 2025 08:16:05 -0400",High school scored aD+,no,Uk,,,has no funds at the moment,[AMOUNT_REDACTED],,CLEAN,html,
Re_ Kenya Office - Counsellor Assessment Form - [NAME_REDACTED] - Cold - 406810 -.eml[1].eml,406810,[NAME_REDACTED],Cold,"Wed, 04 Jun 2025 08:02:04 -0400",Highschool scored a C+,no,Uk,,,has no funds at the moment,[AMOUNT_REDACTED],,CLEAN,html,
Re_ Kenya Office - Counsellor Assessment Form - [NAME_REDACTED] - Cold - 406848 -.eml[1].eml,406848,[NAME_REDACTED],Cold,"Tue, 10 Jun 2025 07:43:06 -0400",Certificate in community health,no,Uk,Bachelors in community health,,has no funds,[AMOUNT_REDACTED],,CLEAN,html,
Re_ Kenya Office - Counsellor Assessment Form - [NAME_REDACTED] - Good - - 290052.eml[1].eml,290052,[NAME_REDACTED],Good,"Thu, 17 Apr 2025 13:25:04 +0300",he says he already shared the docs,,,,,Self Funded,[AMOUNT_REDACTED],,CLEAN,html,
Re_ Kenya Office - Counsellor Assessment Form - [NAME_REDACTED] - Good - 380917 -.eml[1].eml,380917,[NAME_REDACTED],Good,"Wed, 23 Apr 2025 16:17:45 +0300",High school cleared in 2015 scored a A minus,A minus,Uk,Bachelors Film and Tv production,september 2025,Self Funded,[AMOUNT_REDACTED],,CLEAN,html,
Re_ Kenya Office - Counsellor Assessment Form - [NAME_REDACTED] - Cold - 369478 -.eml[1].eml,369478,[NAME_REDACTED],,"Fri, 14 Mar 2025 08:13:07 -0400",Finished high school in 2013 and hasn't proceeded. Thought it was an online school.,,,,,,[AMOUNT_REDACTED],,CHECK,html,
Re_ Kenya Office - Counsellor Assessment Form - [NAME_REDACTED] - Cold - 369607 -.eml[1].eml,369607,[NAME_REDACTED],,"Wed, 12 Mar 2025 09:40:06 -0400","Student still in high school, scouting for scholarships",,,,,,[AMOUNT_REDACTED],,CHECK,html,
Re_ Kenya Office - Counsellor Assessment Form - [NAME_REDACTED] - Cold - - 500164.eml[1].eml,500164,[NAME_REDACTED],Cold,"Tue, 09 Dec 2025 13:23:02 +0300",KCSE C plain,,Canada,nursing,,Parents,[AMOUNT_REDACTED],,CLEAN,html,
Re_ Kenya Office - Counsellor Assessment Form - [NAME_REDACTED] - Cold - 501181 -.eml[1].eml,501181,[NAME_REDACTED],Cold,"Mon, 08 Dec 2025 06:36:02 -0500",Awaiting results,,Canada,Full scholarship,sep 2026,Parents,[AMOUNT_REDACTED],,CLEAN,html,
Re_ Kenya Office - Counsellor Assessment Form - [NAME_REDACTED] - Good - 500945 -.eml[1].eml,500945,[NAME_REDACTED],Good,"Tue, 09 Dec 2025 06:06:11 -0500",Form 4 leaver awaiting results,,Germany,,,Parents,[AMOUNT_REDACTED],,CLEAN,html,
Re_ Kenya Office - Counsellor Assessment Form - [NAME_REDACTED] - Good - 501178 -.eml[1].eml,501178,[NAME_REDACTED],,"Mon, 08 Dec 2025 14:47:22 +0300",No response,,,,,,[AMOUNT_REDACTED],,CHECK,html,
Re_ Kenya Office - Counsellor Assessment Form - [NAME_REDACTED] - Cold - 384916 -.eml[1].eml,384916,[NAME_REDACTED],Cold,"Tue, 29 Apr 2025 11:20:05 -0400",will be available for the expo looking for online studies,,UK,hospitality,June 2025,looking for scholarship funding,[AMOUNT_REDACTED],,CLEAN,html,
Re_ Kenya Office - Counsellor Assessment Form - [NAME_REDACTED] - Good - 373705 -.eml[1].eml,373705,[NAME_REDACTED],Good,"Wed, 09 Apr 2025 18:20:36 +0300","KCSE D plus had previously begun a conversation with [NAME_REDACTED] about the Adult social care program says she put everything on hold after being contacted by Has done her IELTS atm ok with picking up conversation with parents on their next steps either pursuing a nursing, social work or the diploma program",will share her IELTS score,UK,"nursing Adult care,social work",undecided,Parents,[AMOUNT_REDACTED],,CLEAN,html,
Re_ Kenya Office - Counsellor Assessment Form - [NAME_REDACTED] - Good - 406990 -.eml[1].eml,406990,[NAME_REDACTED],Good,"Wed, 04 Jun 2025 18:36:53 +0300","4/6 interested in a MSc program in business analytics intakes in mind Jan/May 2026 interested in any available partial scholarships passport available line of work bank operations self sponsoring as well universities in mind atm Keele,Kent and Chester will not be available for the open day",no,UK,business analytics,January 2026,partial scholarship,[AMOUNT_REDACTED],,CLEAN,html,
Re_ Kenya Office - Counsellor Assessment Form - [NAME_REDACTED] - Cold - 384334 -.eml[1].eml,384334,[NAME_REDACTED],Cold,"Wed, 30 Apr 2025 11:18:51 +0300",Bachelor of arts 2018 Second class upper KCSE C+ 2010,No,UK,Law,September,To visit the office first,[AMOUNT_REDACTED],,CLEAN,html,
Re_ Kenya Office - Counsellor Assessment Form - [NAME_REDACTED] - Good - 380822 -.eml[1].eml,380822,[NAME_REDACTED],Good,"Wed, 23 Apr 2025 16:03:26 +0300",BSC IT 2021 First class honors KCSE B 2014,,UK,Masters in web design or masters in media communication,September,Self Funded,[AMOUNT_REDACTED],,CLEAN,html,
Re_ Kenya Office - Counsellor Assessment Form - [NAME_REDACTED] - Good - 406125 -.eml[1].eml,406125,[NAME_REDACTED],Good,"Fri, 06 Jun 2025 23:00:07 +0300",Diploma in nursing 2024 KCSE B- 2019,No,UK,Nursing,January 2026,Parents,[AMOUNT_REDACTED],,CLEAN,html,
Re_ Kenya Office - Counsellor Assessment Form - [NAME_REDACTED] - Good - 374716 -.eml[1].eml,374716,[NAME_REDACTED],,"Thu, 27 Mar 2025 16:30:30 +0300",masters level,none taken,UK,phd in social work,september 2025,,[AMOUNT_REDACTED],,CHECK,html,
Re_ Kenya Office - Counsellor Assessment Form - [NAME_REDACTED] - Good - 500852 -.eml[1].eml,500852,[NAME_REDACTED],Good,"Mon, 08 Dec 2025 06:23:04 -0500",second class honours 2025. Is yet to pick up transcripts from the university and the certificate,,the UK,COMPUTER SCIENCE,2026,Parents,[AMOUNT_REDACTED],,CLEAN,html,
Re_ Kenya Office - Counsellor Assessment Form - [NAME_REDACTED] - Excellent - 383014 -.eml[1].eml,383014,[NAME_REDACTED],Excellent,"Mon, 28 Apr 2025 18:34:03 +0300",Bachelors in GIS Maseno University 2023 2:1 Passport [PASSPORT_REDACTED],KCSE English B+ 2018,UK,Digital Design/Fine Arts,Jan Intake 2026,Self Funded,[AMOUNT_REDACTED],,CLEAN,html,
Re_ Kenya Office - Counsellor Assessment Form - [NAME_REDACTED] - Excellent - 404339 -.eml[1].eml,404339,[NAME_REDACTED],Excellent,"Wed, 28 May 2025 17:37:41 +0300",Bachelor's degree in Computer science 2020 Rongo University 2:2 Passport [PASSPORT_REDACTED],No KCSE English A- 2014,UK,Masters in Data Science,Jan Intake 2026,Self Funded,[AMOUNT_REDACTED],,CLEAN,html,
Re_ Kenya Office - Counsellor Assessment Form - [NAME_REDACTED] - Good - 375300 -.eml[1].eml,375300,[NAME_REDACTED],Good,"Wed, 04 Jun 2025 12:07:48 +0300",Bachelors in Environmental Science 2022 Moi University 2:2 Passport [PASSPORT_REDACTED],No KCSE English B 2014,UK,Public Health,Jan Intake 2026,Self Funded,[AMOUNT_REDACTED],,CLEAN,html,
Re_ Kenya Office - Counsellor Assessment Form - [NAME_REDACTED] - Good - 376414 -.eml[1].eml,376414,[NAME_REDACTED],Good,"Fri, 11 Apr 2025 16:43:02 +0300",Certificate in Nursing Assistance Pass 2024 KCSE D+ 2017,KCSE English C+,UK,Adult social care programme,July Intake,Parents,[AMOUNT_REDACTED],,CLEAN,html,
Re_ Kenya Office - Counsellor Assessment Form - [NAME_REDACTED] - Good - 386622 -.eml[1].eml,386622,[NAME_REDACTED],Good,"Mon, 26 May 2025 09:36:55 +0300",Diploma in Information Science 2012 Nursing Assistant January 2025 3months Practice Passport [PASSPORT_REDACTED],KCSE English IELTS,UK,BA in Social Work,Jan Intake 2026,Self Funded,[AMOUNT_REDACTED],,CLEAN,html,
Re_ Kenya Office - Counsellor Assessment Form - [NAME_REDACTED] - Good - 401786 -.eml[1].eml,401786,[NAME_REDACTED],Good,"Fri, 23 May 2025 18:47:36 +0300",Diploma in Criminology 2017 Moi University Pass Passport [PASSPORT_REDACTED] Emily Wanjiru Ndonga,KCSE English C 2014,UK,Business Related course,Jan Intake 2026,Parents,[AMOUNT_REDACTED],,CLEAN,html,
Re_ Kenya Office - Counsellor Assessment Form - [NAME_REDACTED] - Good - 406272 -.eml[1].eml,406272,[NAME_REDACTED],Good,"Fri, 13 Jun 2025 12:26:12 +0300",Bachelors in Criminology 2017 Karatina University 2:2 No Passport,No KCSE English B 2012,UK,MA in Criminology/Forensics,September Intake 2026,Parents,[AMOUNT_REDACTED],,CLEAN,html,
Re_ Kenya Office - Counsellor Assessment Form - [NAME_REDACTED] - Good - 405255 -.eml[1].eml,405255,[NAME_REDACTED],Good,"Fri, 30 May 2025 16:12:14 +0300",diploma in medical engineering 2023,no,UK,project management,jan 26,Self Funded,[AMOUNT_REDACTED],,CLEAN,html,
Re_ Kenya Office - Counsellor Assessment Form - [NAME_REDACTED] - Good - 405840 -.eml[1].eml,405840,[NAME_REDACTED],,"Wed, 04 Jun 2025 15:18:16 +0300",bachelor of science 2022,no,UK,cyber security and data protection,sep 2025,,[AMOUNT_REDACTED],,CHECK,html,
Re_ Kenya Office - Counsellor Assessment Form - [NAME_REDACTED] - Good - 406389 -.eml[1].eml,406389,[NAME_REDACTED],Good,"Tue, 03 Jun 2025 18:29:18 +0300",BED scienced 2012,NO,UK,ENVIRONMENT SCI,sep 2025,Self Funded,[AMOUNT_REDACTED],,CLEAN,html,
Re_ Kenya Office - Counsellor Assessment Form - [NAME_REDACTED] - Good - 406984 -.eml[1].eml,406984,[NAME_REDACTED],Good,"Wed, 04 Jun 2025 18:37:03 +0300",degree in medical 2019,no,UK,masters in public health,Jan 2026,Self Funded,[AMOUNT_REDACTED],,CLEAN,html,
Re_ Kenya Office - Counsellor Assessment Form - [NAME_REDACTED] - Good - 500700 -.eml[1].eml,500700,[NAME_REDACTED],Good,"Sat, 06 Dec 2025 11:59:24 +0300",KCSE Grade C+ in 2022,,UK,computer science,,Other family members or relatives,[AMOUNT_REDACTED],,CLEAN,html,
Re_ Kenya Office - Counsellor Assessment Form - [NAME_REDACTED] - Cold - 375266 -.eml[1].eml,375266,[NAME_REDACTED],Cold,"Thu, 10 Apr 2025 02:35:10 -0400",High school scored a C+,no Kcse c-,Uk,bachelors degree in business,september 2025,applicant wants a full scholarship,[AMOUNT_REDACTED],,CLEAN,html,
Re_ Kenya Office - Counsellor Assessment Form - [NAME_REDACTED] - Cold - 375732 -.eml[1].eml,375732,[NAME_REDACTED],Cold,"Thu, 03 Apr 2025 03:34:07 -0400",Highs school scored a D plain cleared last year,no,Uk,,,has funds to proceed,[AMOUNT_REDACTED],,CLEAN,html,
Re_ Kenya Office - Counsellor Assessment Form - [NAME_REDACTED] - Cold - 384043 -.eml[1].eml,384043,[NAME_REDACTED],Cold,"Mon, 28 Apr 2025 09:30:07 -0400",[UNIVERSITY],,,,,Wants to attend the expo first,[AMOUNT_REDACTED],,CLEAN,html,
Re_ Kenya Office - Counsellor Assessment Form - [NAME_REDACTED] - Cold - 404488 -.eml[1].eml,404488,[NAME_REDACTED],Cold,"Fri, 30 May 2025 04:36:03 -0400",High school scored a c+,no,Uk,,,wants a full scholarship,[AMOUNT_REDACTED],,CLEAN,html,
Re_ Kenya Office - Counsellor Assessment Form - [NAME_REDACTED] - Cold - 404666 -.eml[1].eml,404666,[NAME_REDACTED],Cold,"Thu, 29 May 2025 09:35:05 -0400",High school SCORED D-,NO,Uk,,,has no funds at the moment,[AMOUNT_REDACTED],,CLEAN,html,
Re_ Kenya Office - Counsellor Assessment Form - [NAME_REDACTED] - Cold - 404683 -.eml[1].eml,404683,[NAME_REDACTED],Cold,"Fri, 30 May 2025 02:59:05 -0400",High school scored D+ cleared in 2023,,,,,has no funds,[AMOUNT_REDACTED],,CLEAN,html,
Re_ Kenya Office - Counsellor Assessment Form - [NAME_REDACTED] - Cold - 405509 -.eml[1].eml,405509,[NAME_REDACTED],Cold,"Fri, 30 May 2025 08:56:03 -0400",High school cleared in 2023 scored B+,no,uk,,,has no funds at the moment,[AMOUNT_REDACTED],,CLEAN,html,
Re_ Kenya Office - Counsellor Assessment Form - [NAME_REDACTED] - Cold - 406639 -.eml[1].eml,406639,[NAME_REDACTED],Cold,"Thu, 05 Jun 2025 02:23:05 -0400",High school scores A D plain,no,Uk,bachelors in communication,september 2025,has no funds at the moment,[AMOUNT_REDACTED],,CLEAN,html,
Re_ Kenya Office - Counsellor Assessment Form - [NAME_REDACTED] - Cold - 406775 -.eml[1].eml,406775,[NAME_REDACTED],Cold,"Tue, 10 Jun 2025 03:00:07 -0400",Diploma in baking,no,dubai,bachelors in bakery,september 2025,has no funds at the moment,[AMOUNT_REDACTED],,CLEAN,html,
Re_ Kenya Office - Counsellor Assessment Form - [NAME_REDACTED] - Cold - 406788 -.eml[1].eml,406788,[NAME_REDACTED],Cold,"Tue, 10 Jun 2025 02:53:03 -0400",high schoolnc+,no,Uk,,,has no funds at the moment,[AMOUNT_REDACTED],,CLEAN,html,
Re_ Kenya Office - Counsellor Assessment Form - [NAME_REDACTED] - Cold - 406807 -.eml[1].eml,406807,[NAME_REDACTED],Cold,"Wed, 04 Jun 2025 08:16:05 -0400",High school scored aD+,no,Uk,,,has no funds at the moment,[AMOUNT_REDACTED],,CLEAN,html,
Re_ Kenya Office - Counsellor Assessment Form - [NAME_REDACTED] - Cold - 406810 -.eml[1].eml,406810,[NAME_REDACTED],Cold,"Wed, 04 Jun 2025 08:02:04 -0400",Highschool scored a C+,no,Uk,,,has no funds at the moment,[AMOUNT_REDACTED],,CLEAN,html,
Re_ Kenya Office - Counsellor Assessment Form - [NAME_REDACTED] - Cold - 406848 -.eml[1].eml,406848,[NAME_REDACTED],Cold,"Tue, 10 Jun 2025 07:43:06 -0400",Certificate in community health,no,Uk,Bachelors in community health,,has no funds,[AMOUNT_REDACTED],,CLEAN,html,
Re_ Kenya Office - Counsellor Assessment Form - [NAME_REDACTED] - Good - - 290052.eml[1].eml,290052,[NAME_REDACTED],Good,"Thu, 17 Apr 2025 13:25:04 +0300",he says he already shared the docs,,,,,Self Funded,[AMOUNT_REDACTED],,CLEAN,html,
Re_ Kenya Office - Counsellor Assessment Form - [NAME_REDACTED] - Good - 380917 -.eml[1].eml,380917,[NAME_REDACTED],Good,"Wed, 23 Apr 2025 16:17:45 +0300",High school cleared in 2015 scored a A minus,A minus,Uk,Bachelors Film and Tv production,september 2025,Self Funded,[AMOUNT_REDACTED],,CLEAN,html,
Re_ Kenya Office - Counsellor Assessment Form - [NAME_REDACTED] - Cold - 369478 -.eml[1].eml,369478,[NAME_REDACTED],,"Fri, 14 Mar 2025 08:13:07 -0400",Finished high school in 2013 and hasn't proceeded. Thought it was an online school.,,,,,,[AMOUNT_REDACTED],,CHECK,html,
Re_ Kenya Office - Counsellor Assessment Form - [NAME_REDACTED] - Cold - 369607 -.eml[1].eml,369607,[NAME_REDACTED],,"Wed, 12 Mar 2025 09:40:06 -0400","Student still in high school, scouting for scholarships",,,,,,[AMOUNT_REDACTED],,CHECK,html,
Re_ Kenya Office - Counsellor Assessment Form - [NAME_REDACTED] - Cold - - 500164.eml[1].eml,500164,[NAME_REDACTED],Cold,"Tue, 09 Dec 2025 13:23:02 +0300",KCSE C plain,,Canada,nursing,,Parents,[AMOUNT_REDACTED],,CLEAN,html,
Re_ Kenya Office - Counsellor Assessment Form - [NAME_REDACTED] - Cold - 501181 -.eml[1].eml,501181,[NAME_REDACTED],Cold,"Mon, 08 Dec 2025 06:36:02 -0500",Awaiting results,,Canada,Full scholarship,sep 2026,Parents,[AMOUNT_REDACTED],,CLEAN,html,
Re_ Kenya Office - Counsellor Assessment Form - [NAME_REDACTED] - Good - 500945 -.eml[1].eml,500945,[NAME_REDACTED],Good,"Tue, 09 Dec 2025 06:06:11 -0500",Form 4 leaver awaiting results,,Germany,,,Parents,[AMOUNT_REDACTED],,CLEAN,html,
Re_ Kenya Office - Counsellor Assessment Form - [NAME_REDACTED] - Good - 501178 -.eml[1].eml,501178,[NAME_REDACTED],,"Mon, 08 Dec 2025 14:47:22 +0300",No response,,,,,,[AMOUNT_REDACTED],,CHECK,html,
Re_ Kenya Office - Counsellor Assessment Form - [NAME_REDACTED] - Cold - 384916 -.eml[1].eml,384916,[NAME_REDACTED],Cold,"Tue, 29 Apr 2025 11:20:05 -0400",will be available for the expo looking for online studies,,UK,hospitality,June 2025,looking for scholarship funding,[AMOUNT_REDACTED],,CLEAN,html,
Re_ Kenya Office - Counsellor Assessment Form - [NAME_REDACTED] - Good - 373705 -.eml[1].eml,373705,[NAME_REDACTED],Good,"Wed, 09 Apr 2025 18:20:36 +0300","KCSE D plus had previously begun a conversation with [NAME_REDACTED] about the Adult social care program says she put everything on hold after being contacted by Has done her IELTS atm ok with picking up conversation with parents on their next steps either pursuing a nursing, social work or the diploma program",will share her IELTS score,UK,"nursing Adult care,social work",undecided,Parents,[AMOUNT_REDACTED],,CLEAN,html,
Re_ Kenya Office - Counsellor Assessment Form - [NAME_REDACTED] - Good - 406990 -.eml[1].eml,406990,[NAME_REDACTED],Good,"Wed, 04 Jun 2025 18:36:53 +0300","4/6 interested in a MSc program in business analytics intakes in mind Jan/May 2026 interested in any available partial scholarships passport available line of work bank operations self sponsoring as well universities in mind atm Keele,Kent and Chester will not be available for the open day",no,UK,business analytics,January 2026,partial scholarship,[AMOUNT_REDACTED],,CLEAN,html,
Re_ Kenya Office - Counsellor Assessment Form - [NAME_REDACTED] - Cold - 384334 -.eml[1].eml,384334,[NAME_REDACTED],Cold,"Wed, 30 Apr 2025 11:18:51 +0300",Bachelor of arts 2018 Second class upper KCSE C+ 2010,No,UK,Law,September,To visit the office first,[AMOUNT_REDACTED],,CLEAN,html,
Re_ Kenya Office - Counsellor Assessment Form - [NAME_REDACTED] - Good - 380822 -.eml[1].eml,380822,[NAME_REDACTED],Good,"Wed, 23 Apr 2025 16:03:26 +0300",BSC IT 2021 First class honors KCSE B 2014,,UK,Masters in web design or masters in media communication,September,Self Funded,[AMOUNT_REDACTED],,CLEAN,html,
Re_ Kenya Office - Counsellor Assessment Form - [NAME_REDACTED] - Good - 406125 -.eml[1].eml,406125,[NAME_REDACTED],Good,"Fri, 06 Jun 2025 23:00:07 +0300",Diploma in nursing 2024 KCSE B- 2019,No,UK,Nursing,January 2026,Parents,[AMOUNT_REDACTED],,CLEAN,html,
Re_ Kenya Office - Counsellor Assessment Form - [NAME_REDACTED] - Good - 374716 -.eml[1].eml,374716,[NAME_REDACTED],,"Thu, 27 Mar 2025 16:30:30 +0300",masters level,none taken,UK,phd in social work,september 2025,,[AMOUNT_REDACTED],,CHECK,html,
Re_ Kenya Office - Counsellor Assessment Form - [NAME_REDACTED] - Good - 500852 -.eml[1].eml,500852,[NAME_REDACTED],Good,"Mon, 08 Dec 2025 06:23:04 -0500",second class honours 2025. Is yet to pick up transcripts from the university and the certificate,,the UK,COMPUTER SCIENCE,2026,Parents,[AMOUNT_REDACTED],,CLEAN,html,
Re_ Kenya Office - Counsellor Assessment Form - [NAME_REDACTED] - Excellent - 383014 -.eml[1].eml,383014,[NAME_REDACTED],Excellent,"Mon, 28 Apr 2025 18:34:03 +0300",Bachelors in GIS Maseno University 2023 2:1 Passport [PASSPORT_REDACTED],KCSE English B+ 2018,UK,Digital Design/Fine Arts,Jan Intake 2026,Self Funded,[AMOUNT_REDACTED],,CLEAN,html,
Re_ Kenya Office - Counsellor Assessment Form - [NAME_REDACTED] - Excellent - 404339 -.eml[1].eml,404339,[NAME_REDACTED],Excellent,"Wed, 28 May 2025 17:37:41 +0300",Bachelor's degree in Computer science 2020 Rongo University 2:2 Passport [PASSPORT_REDACTED],No KCSE English A- 2014,UK,Masters in Data Science,Jan Intake 2026,Self Funded,[AMOUNT_REDACTED],,CLEAN,html,
Re_ Kenya Office - Counsellor Assessment Form - [NAME_REDACTED] - Good - 375300 -.eml[1].eml,375300,[NAME_REDACTED],Good,"Wed, 04 Jun 2025 12:07:48 +0300",Bachelors in Environmental Science 2022 Moi University 2:2 Passport [PASSPORT_REDACTED],No KCSE English B 2014,UK,Public Health,Jan Intake 2026,Self Funded,[AMOUNT_REDACTED],,CLEAN,html,
Re_ Kenya Office - Counsellor Assessment Form - [NAME_REDACTED] - Good - 376414 -.eml[1].eml,376414,[NAME_REDACTED],Good,"Fri, 11 Apr 2025 16:43:02 +0300",Certificate in Nursing Assistance Pass 2024 KCSE D+ 2017,KCSE English C+,UK,Adult social care programme,July Intake,Parents,[AMOUNT_REDACTED],,CLEAN,html,
Re_ Kenya Office - Counsellor Assessment Form - [NAME_REDACTED] - Good - 386622 -.eml[1].eml,386622,[NAME_REDACTED],Good,"Mon, 26 May 2025 09:36:55 +0300",Diploma in Information Science 2012 Nursing Assistant January 2025 3months Practice Passport [PASSPORT_REDACTED],KCSE English IELTS,UK,BA in Social Work,Jan Intake 2026,Self Funded,[AMOUNT_REDACTED],,CLEAN,html,
Re_ Kenya Office - Counsellor Assessment Form - [NAME_REDACTED] - Good - 401786 -.eml[1].eml,401786,[NAME_REDACTED],Good,"Fri, 23 May 2025 18:47:36 +0300",Diploma in Criminology 2017 Moi University Pass Passport [PASSPORT_REDACTED] Emily Wanjiru Ndonga,KCSE English C 2014,UK,Business Related course,Jan Intake 2026,Parents,[AMOUNT_REDACTED],,CLEAN,html,
Re_ Kenya Office - Counsellor Assessment Form - [NAME_REDACTED] - Good - 406272 -.eml[1].eml,406272,[NAME_REDACTED],Good,"Fri, 13 Jun 2025 12:26:12 +0300",Bachelors in Criminology 2017 Karatina University 2:2 No Passport,No KCSE English B 2012,UK,MA in Criminology/Forensics,September Intake 2026,Parents,[AMOUNT_REDACTED],,CLEAN,html,
Re_ Kenya Office - Counsellor Assessment Form - [NAME_REDACTED] - Good - 405255 -.eml[1].eml,405255,[NAME_REDACTED],Good,"Fri, 30 May 2025 16:12:14 +0300",diploma in medical engineering 2023,no,UK,project management,jan 26,Self Funded,[AMOUNT_REDACTED],,CLEAN,html,
Re_ Kenya Office - Counsellor Assessment Form - [NAME_REDACTED] - Good - 405840 -.eml[1].eml,405840,[NAME_REDACTED],,"Wed, 04 Jun 2025 15:18:16 +0300",bachelor of science 2022,no,UK,cyber security and data protection,sep 2025,,[AMOUNT_REDACTED],,CHECK,html,
Re_ Kenya Office - Counsellor Assessment Form - [NAME_REDACTED] - Good - 406984 -.eml[1].eml,406984,[NAME_REDACTED],Good,"Wed, 04 Jun 2025 18:37:03 +0300",degree in medical 2019,no,UK,masters in public health,Jan 2026,Self Funded,[AMOUNT_REDACTED],,CLEAN,html,
Re_ Kenya Office - Counsellor Assessment Form - [NAME_REDACTED] - Good - 500700 -.eml[1].eml,500700,[NAME_REDACTED],Good,"Sat, 06 Dec 2025 11:59:24 +0300",KCSE Grade C+ in 2022,,UK,computer science,,Other family members or relatives,[AMOUNT_REDACTED],,CLEAN,html,
Re_ Kenya Office - Counsellor Assessment Form - [NAME_REDACTED] - Cold - 375266 -.eml[1].eml,375266,[NAME_REDACTED],Cold,"Thu, 10 Apr 2025 02:35:10 -0400",High school scored a C+,no Kcse c-,Uk,bachelors degree in business,september 2025,applicant wants a full scholarship,[AMOUNT_REDACTED],,CLEAN,html,
Re_ Kenya Office - Counsellor Assessment Form - [NAME_REDACTED] - Cold - 375732 -.eml[1].eml,375732,[NAME_REDACTED],Cold,"Thu, 03 Apr 2025 03:34:07 -0400",Highs school scored a D plain cleared last year,no,Uk,,,has funds to proceed,[AMOUNT_REDACTED],,CLEAN,html,
Re_ Kenya Office - Counsellor Assessment Form - [NAME_REDACTED] - Cold - 384043 -.eml[1].eml,384043,[NAME_REDACTED],Cold,"Mon, 28 Apr 2025 09:30:07 -0400",[UNIVERSITY],,,,,Wants to attend the expo first,[AMOUNT_REDACTED],,CLEAN,html,
Re_ Kenya Office - Counsellor Assessment Form - [NAME_REDACTED] - Cold - 404488 -.eml[1].eml,404488,[NAME_REDACTED],Cold,"Fri, 30 May 2025 04:36:03 -0400",High school scored a c+,no,Uk,,,wants a full scholarship,[AMOUNT_REDACTED],,CLEAN,html,
Re_ Kenya Office - Counsellor Assessment Form - [NAME_REDACTED] - Cold - 404666 -.eml[1].eml,404666,[NAME_REDACTED],Cold,"Thu, 29 May 2025 09:35:05 -0400",High school SCORED D-,NO,Uk,,,has no funds at the moment,[AMOUNT_REDACTED],,CLEAN,html,
Re_ Kenya Office - Counsellor Assessment Form - [NAME_REDACTED] - Cold - 404683 -.eml[1].eml,404683,[NAME_REDACTED],Cold,"Fri, 30 May 2025 02:59:05 -0400",High school scored D+ cleared in 2023,,,,,has no funds,[AMOUNT_REDACTED],,CLEAN,html,
Re_ Kenya Office - Counsellor Assessment Form - [NAME_REDACTED] - Cold - 405509 -.eml[1].eml,405509,[NAME_REDACTED],Cold,"Fri, 30 May 2025 08:56:03 -0400",High school cleared in 2023 scored B+,no,uk,,,has no funds at the moment,[AMOUNT_REDACTED],,CLEAN,html,
Re_ Kenya Office - Counsellor Assessment Form - [NAME_REDACTED] - Cold - 406639 -.eml[1].eml,406639,[NAME_REDACTED],Cold,"Thu, 05 Jun 2025 02:23:05 -0400",High school scores A D plain,no,Uk,bachelors in communication,september 2025,has no funds at the moment,[AMOUNT_REDACTED],,CLEAN,html,
Re_ Kenya Office - Counsellor Assessment Form - [NAME_REDACTED] - Cold - 406775 -.eml[1].eml,406775,[NAME_REDACTED],Cold,"Tue, 10 Jun 2025 03:00:07 -0400",Diploma in baking,no,dubai,bachelors in bakery,september 2025,has no funds at the moment,[AMOUNT_REDACTED],,CLEAN,html,
Re_ Kenya Office - Counsellor Assessment Form - [NAME_REDACTED] - Cold - 406788 -.eml[1].eml,406788,[NAME_REDACTED],Cold,"Tue, 10 Jun 2025 02:53:03 -0400",high schoolnc+,no,Uk,,,has no funds at the moment,[AMOUNT_REDACTED],,CLEAN,html,
Re_ Kenya Office - Counsellor Assessment Form - [NAME_REDACTED] - Cold - 406807 -.eml[1].eml,406807,[NAME_REDACTED],Cold,"Wed, 04 Jun 2025 08:16:05 -0400",High school scored aD+,no,Uk,,,has no funds at the moment,[AMOUNT_REDACTED],,CLEAN,html,
Re_ Kenya Office - Counsellor Assessment Form - [NAME_REDACTED] - Cold - 406810 -.eml[1].eml,406810,[NAME_REDACTED],Cold,"Wed, 04 Jun 2025 08:02:04 -0400",Highschool scored a C+,no,Uk,,,has no funds at the moment,[AMOUNT_REDACTED],,CLEAN,html,
Re_ Kenya Office - Counsellor Assessment Form - [NAME_REDACTED] - Cold - 406848 -.eml[1].eml,406848,[NAME_REDACTED],Cold,"Tue, 10 Jun 2025 07:43:06 -0400",Certificate in community health,no,Uk,Bachelors in community health,,has no funds,[AMOUNT_REDACTED],,CLEAN,html,
Re_ Kenya Office - Counsellor Assessment Form - [NAME_REDACTED] - Good - - 290052.eml[1].eml,290052,[NAME_REDACTED],Good,"Thu, 17 Apr 2025 13:25:04 +0300",he says he already shared the docs,,,,,Self Funded,[AMOUNT_REDACTED],,CLEAN,html,
Re_ Kenya Office - Counsellor Assessment Form - [NAME_REDACTED] - Good - 380917 -.eml[1].eml,380917,[NAME_REDACTED],Good,"Wed, 23 Apr 2025 16:17:45 +0300",High school cleared in 2015 scored a A minus,A minus,Uk,Bachelors Film and Tv production,september 2025,Self Funded,[AMOUNT_REDACTED],,CLEAN,html,
Re_ Kenya Office - Counsellor Assessment Form - [NAME_REDACTED] - Cold - 369478 -.eml[1].eml,369478,[NAME_REDACTED],,"Fri, 14 Mar 2025 08:13:07 -0400",Finished high school in 2013 and hasn't proceeded. Thought it was an online school.,,,,,,[AMOUNT_REDACTED],,CHECK,html,
Re_ Kenya Office - Counsellor Assessment Form - [NAME_REDACTED] - Cold - 369607 -.eml[1].eml,369607,[NAME_REDACTED],,"Wed, 12 Mar 2025 09:40:06 -0400","Student still in high school, scouting for scholarships",,,,,,[AMOUNT_REDACTED],,CHECK,html,
Re_ Kenya Office - Counsellor Assessment Form - [NAME_REDACTED] - Cold - - 500164.eml[1].eml,500164,[NAME_REDACTED],Cold,"Tue, 09 Dec 2025 13:23:02 +0300",KCSE C plain,,Canada,nursing,,Parents,[AMOUNT_REDACTED],,CLEAN,html,
Re_ Kenya Office - Counsellor Assessment Form - [NAME_REDACTED] - Cold - 501181 -.eml[1].eml,501181,[NAME_REDACTED],Cold,"Mon, 08 Dec 2025 06:36:02 -0500",Awaiting results,,Canada,Full scholarship,sep 2026,Parents,[AMOUNT_REDACTED],,CLEAN,html,
Re_ Kenya Office - Counsellor Assessment Form - [NAME_REDACTED] - Good - 500945 -.eml[1].eml,500945,[NAME_REDACTED],Good,"Tue, 09 Dec 2025 06:06:11 -0500",Form 4 leaver awaiting results,,Germany,,,Parents,[AMOUNT_REDACTED],,CLEAN,html,
Re_ Kenya Office - Counsellor Assessment Form - [NAME_REDACTED] - Good - 501178 -.eml[1].eml,501178,[NAME_REDACTED],,"Mon, 08 Dec 2025 14:47:22 +0300",No response,,,,,,[AMOUNT_REDACTED],,CHECK,html,
Re_ Kenya Office - Counsellor Assessment Form - [NAME_REDACTED] - Cold - 384916 -.eml[1].eml,384916,[NAME_REDACTED],Cold,"Tue, 29 Apr 2025 11:20:05 -0400",will be available for the expo looking for online studies,,UK,hospitality,June 2025,looking for scholarship funding,[AMOUNT_REDACTED],,CLEAN,html,
Re_ Kenya Office - Counsellor Assessment Form - [NAME_REDACTED] - Good - 373705 -.eml[1].eml,373705,[NAME_REDACTED],Good,"Wed, 09 Apr 2025 18:20:36 +0300","KCSE D plus had previously begun a conversation with [NAME_REDACTED] about the Adult social care program says she put everything on hold after being contacted by Has done her IELTS atm ok with picking up conversation with parents on their next steps either pursuing a nursing, social work or the diploma program",will share her IELTS score,UK,"nursing Adult care,social work",undecided,Parents,[AMOUNT_REDACTED],,CLEAN,html,
Re_ Kenya Office - Counsellor Assessment Form - [NAME_REDACTED] - Good - 406990 -.eml[1].eml,406990,[NAME_REDACTED],Good,"Wed, 04 Jun 2025 18:36:53 +0300","4/6 interested in a MSc program in business analytics intakes in mind Jan/May 2026 interested in any available partial scholarships passport available line of work bank operations self sponsoring as well universities in mind atm Keele,Kent and Chester will not be available for the open day",no,UK,business analytics,January 2026,partial scholarship,[AMOUNT_REDACTED],,CLEAN,html,
Re_ Kenya Office - Counsellor Assessment Form - [NAME_REDACTED] - Cold - 384334 -.eml[1].eml,384334,[NAME_REDACTED],Cold,"Wed, 30 Apr 2025 11:18:51 +0300",Bachelor of arts 2018 Second class upper KCSE C+ 2010,No,UK,Law,September,To visit the office first,[AMOUNT_REDACTED],,CLEAN,html,
Re_ Kenya Office - Counsellor Assessment Form - [NAME_REDACTED] - Good - 380822 -.eml[1].eml,380822,[NAME_REDACTED],Good,"Wed, 23 Apr 2025 16:03:26 +0300",BSC IT 2021 First class honors KCSE B 2014,,UK,Masters in web design or masters in media communication,September,Self Funded,[AMOUNT_REDACTED],,CLEAN,html,
Re_ Kenya Office - Counsellor Assessment Form - [NAME_REDACTED] - Good - 406125 -.eml[1].eml,406125,[NAME_REDACTED],Good,"Fri, 06 Jun 2025 23:00:07 +0300",Diploma in nursing 2024 KCSE B- 2019,No,UK,Nursing,January 2026,Parents,[AMOUNT_REDACTED],,CLEAN,html,
Re_ Kenya Office - Counsellor Assessment Form - [NAME_REDACTED] - Good - 374716 -.eml[1].eml,374716,[NAME_REDACTED],,"Thu, 27 Mar 2025 16:30:30 +0300",masters level,none taken,UK,phd in social work,september 2025,,[AMOUNT_REDACTED],,CHECK,html,
Re_ Kenya Office - Counsellor Assessment Form - [NAME_REDACTED] - Good - 500852 -.eml[1].eml,500852,[NAME_REDACTED],Good,"Mon, 08 Dec 2025 06:23:04 -0500",second class honours 2025. Is yet to pick up transcripts from the university and the certificate,,the UK,COMPUTER SCIENCE,2026,Parents,[AMOUNT_REDACTED],,CLEAN,html,
Re_ Kenya Office - Counsellor Assessment Form - [NAME_REDACTED] - Excellent - 383014 -.eml[1].eml,383014,[NAME_REDACTED],Excellent,"Mon, 28 Apr 2025 18:34:03 +0300",Bachelors in GIS Maseno University 2023 2:1 Passport [PASSPORT_REDACTED],KCSE English B+ 2018,UK,Digital Design/Fine Arts,Jan Intake 2026,Self Funded,[AMOUNT_REDACTED],,CLEAN,html,
Re_ Kenya Office - Counsellor Assessment Form - [NAME_REDACTED] - Excellent - 404339 -.eml[1].eml,404339,[NAME_REDACTED],Excellent,"Wed, 28 May 2025 17:37:41 +0300",Bachelor's degree in Computer science 2020 Rongo University 2:2 Passport [PASSPORT_REDACTED],No KCSE English A- 2014,UK,Masters in Data Science,Jan Intake 2026,Self Funded,[AMOUNT_REDACTED],,CLEAN,html,
Re_ Kenya Office - Counsellor Assessment Form - [NAME_REDACTED] - Good - 375300 -.eml[1].eml,375300,[NAME_REDACTED],Good,"Wed, 04 Jun 2025 12:07:48 +0300",Bachelors in Environmental Science 2022 Moi University 2:2 Passport [PASSPORT_REDACTED],No KCSE English B 2014,UK,Public Health,Jan Intake 2026,Self Funded,[AMOUNT_REDACTED],,CLEAN,html,
Re_ Kenya Office - Counsellor Assessment Form - [NAME_REDACTED] - Good - 376414 -.eml[1].eml,376414,[NAME_REDACTED],Good,"Fri, 11 Apr 2025 16:43:02 +0300",Certificate in Nursing Assistance Pass 2024 KCSE D+ 2017,KCSE English C+,UK,Adult social care programme,July Intake,Parents,[AMOUNT_REDACTED],,CLEAN,html,
Re_ Kenya Office - Counsellor Assessment Form - [NAME_REDACTED] - Good - 386622 -.eml[1].eml,386622,[NAME_REDACTED],Good,"Mon, 26 May 2025 09:36:55 +0300",Diploma in Information Science 2012 Nursing Assistant January 2025 3months Practice Passport [PASSPORT_REDACTED],KCSE English IELTS,UK,BA in Social Work,Jan Intake 2026,Self Funded,[AMOUNT_REDACTED],,CLEAN,html,
Re_ Kenya Office - Counsellor Assessment Form - [NAME_REDACTED] - Good - 401786 -.eml[1].eml,401786,[NAME_REDACTED],Good,"Fri, 23 May 2025 18:47:36 +0300",Diploma in Criminology 2017 Moi University Pass Passport [PASSPORT_REDACTED] Emily Wanjiru Ndonga,KCSE English C 2014,UK,Business Related course,Jan Intake 2026,Parents,[AMOUNT_REDACTED],,CLEAN,html,
Re_ Kenya Office - Counsellor Assessment Form - [NAME_REDACTED] - Good - 406272 -.eml[1].eml,406272,[NAME_REDACTED],Good,"Fri, 13 Jun 2025 12:26:12 +0300",Bachelors in Criminology 2017 Karatina University 2:2 No Passport,No KCSE English B 2012,UK,MA in Criminology/Forensics,September Intake 2026,Parents,[AMOUNT_REDACTED],,CLEAN,html,
Re_ Kenya Office - Counsellor Assessment Form - [NAME_REDACTED] - Good - 405255 -.eml[1].eml,405255,[NAME_REDACTED],Good,"Fri, 30 May 2025 16:12:14 +0300",diploma in medical engineering 2023,no,UK,project management,jan 26,Self Funded,[AMOUNT_REDACTED],,CLEAN,html,
Re_ Kenya Office - Counsellor Assessment Form - [NAME_REDACTED] - Good - 405840 -.eml[1].eml,405840,[NAME_REDACTED],,"Wed, 04 Jun 2025 15:18:16 +0300",bachelor of science 2022,no,UK,cyber security and data protection,sep 2025,,[AMOUNT_REDACTED],,CHECK,html,
Re_ Kenya Office - Counsellor Assessment Form - [NAME_REDACTED] - Good - 406984 -.eml[1].eml,406984,[NAME_REDACTED],Good,"Wed, 04 Jun 2025 18:37:03 +0300",degree in medical 2019,no,UK,masters in public health,Jan 2026,Self Funded,[AMOUNT_REDACTED],,CLEAN,html,
Re_ Kenya Office - Counsellor Assessment Form - [NAME_REDACTED] - Good - 500700 -.eml[1].eml,500700,[NAME_REDACTED],Good,"Sat, 06 Dec 2025 11:59:24 +0300",KCSE Grade C+ in 2022,,UK,computer science,,Other family members or relatives,[AMOUNT_REDACTED],,CLEAN,html,
Re_ Kenya Office - Counsellor Assessment Form - [NAME_REDACTED] - Cold - 375266 -.eml[1].eml,375266,[NAME_REDACTED],Cold,"Thu, 10 Apr 2025 02:35:10 -0400",High school scored a C+,no Kcse c-,Uk,bachelors degree in business,september 2025,applicant wants a full scholarship,[AMOUNT_REDACTED],,CLEAN,html,
Re_ Kenya Office - Counsellor Assessment Form - [NAME_REDACTED] - Cold - 375732 -.eml[1].eml,375732,[NAME_REDACTED],Cold,"Thu, 03 Apr 2025 03:34:07 -0400",Highs school scored a D plain cleared last year,no,Uk,,,has funds to proceed,[AMOUNT_REDACTED],,CLEAN,html,
Re_ Kenya Office - Counsellor Assessment Form - [NAME_REDACTED] - Cold - 384043 -.eml[1].eml,384043,[NAME_REDACTED],Cold,"Mon, 28 Apr 2025 09:30:07 -0400",[UNIVERSITY],,,,,Wants to attend the expo first,[AMOUNT_REDACTED],,CLEAN,html,
Re_ Kenya Office - Counsellor Assessment Form - [NAME_REDACTED] - Cold - 404488 -.eml[1].eml,404488,[NAME_REDACTED],Cold,"Fri, 30 May 2025 04:36:03 -0400",High school scored a c+,no,Uk,,,wants a full scholarship,[AMOUNT_REDACTED],,CLEAN,html,
Re_ Kenya Office - Counsellor Assessment Form - [NAME_REDACTED] - Cold - 404666 -.eml[1].eml,404666,[NAME_REDACTED],Cold,"Thu, 29 May 2025 09:35:05 -0400",High school SCORED D-,NO,Uk,,,has no funds at the moment,[AMOUNT_REDACTED],,CLEAN,html,
Re_ Kenya Office - Counsellor Assessment Form - [NAME_REDACTED] - Cold - 404683 -.eml[1].eml,404683,[NAME_REDACTED],Cold,"Fri, 30 May 2025 02:59:05 -0400",High school scored D+ cleared in 2023,,,,,has no funds,[AMOUNT_REDACTED],,CLEAN,html,
Re_ Kenya Office - Counsellor Assessment Form - [NAME_REDACTED] - Cold - 405509 -.eml[1].eml,405509,[NAME_REDACTED],Cold,"Fri, 30 May 2025 08:56:03 -0400",High school cleared in 2023 scored B+,no,uk,,,has no funds at the moment,[AMOUNT_REDACTED],,CLEAN,html,
Re_ Kenya Office - Counsellor Assessment Form - [NAME_REDACTED] - Cold - 406639 -.eml[1].eml,406639,[NAME_REDACTED],Cold,"Thu, 05 Jun 2025 02:23:05 -0400",High school scores A D plain,no,Uk,bachelors in communication,september 2025,has no funds at the moment,[AMOUNT_REDACTED],,CLEAN,html,
Re_ Kenya Office - Counsellor Assessment Form - [NAME_REDACTED] - Cold - 406788 -.eml[1].eml,406788,[NAME_REDACTED],Cold,"Tue, 10 Jun 2025 02:53:03 -0400",high schoolnc+,no,Uk,,,has no funds at the moment,[AMOUNT_REDACTED],,CLEAN,html,
Re_ Kenya Office - Counsellor Assessment Form - [NAME_REDACTED] - Cold - 406807 -.eml[1].eml,406807,[NAME_REDACTED],Cold,"Wed, 04 Jun 2025 08:16:05 -0400",High school scored aD+,no,Uk,,,has no funds at the moment,[AMOUNT_REDACTED],,CLEAN,html,
Re_ Kenya Office - Counsellor Assessment Form - [NAME_REDACTED] - Cold - 406810 -.eml[1].eml,406810,[NAME_REDACTED],Cold,"Wed, 04 Jun 2025 08:02:04 -0400",Highschool scored a C+,no,Uk,,,has no funds at the moment,[AMOUNT_REDACTED],,CLEAN,html,
Re_ Kenya Office - Counsellor Assessment Form - [NAME_REDACTED] - Cold - 406848 -.eml[1].eml,406848,[NAME_REDACTED],Cold,"Tue, 10 Jun 2025 07:43:06 -0400",Certificate in community health,no,Uk,Bachelors in community health,,has no funds,[AMOUNT_REDACTED],,CLEAN,html,
Re_ Kenya Office - Counsellor Assessment Form - [NAME_REDACTED] - Good - - 290052.eml[1].eml,290052,[NAME_REDACTED],Good,"Thu, 17 Apr 2025 13:25:04 +0300",he says he already shared the docs,,,,,Self Funded,[AMOUNT_REDACTED],,CLEAN,html,
Re_ Kenya Office - Counsellor Assessment Form - [NAME_REDACTED] - Good - 380917 -.eml[1].eml,380917,[NAME_REDACTED],Good,"Wed, 23 Apr 2025 16:17:45 +0300",High school cleared in 2015 scored a A minus,A minus,Uk,Bachelors Film and Tv production,september 2025,Self Funded,[AMOUNT_REDACTED],,CLEAN,html,
Re_ Kenya Office - Counsellor Assessment Form - [NAME_REDACTED] - Cold - 369478 -.eml[1].eml,369478,[NAME_REDACTED],,"Fri, 14 Mar 2025 08:13:07 -0400",Finished high school in 2013 and hasn't proceeded. Thought it was an online school.,,,,,,[AMOUNT_REDACTED],,CHECK,html,
Re_ Kenya Office - Counsellor Assessment Form - [NAME_REDACTED] - Cold - 369607 -.eml[1].eml,369607,[NAME_REDACTED],,"Wed, 12 Mar 2025 09:40:06 -0400","Student still in high school, scouting for scholarships",,,,,,[AMOUNT_REDACTED],,CHECK,html,
Re_ Kenya Office - Counsellor Assessment Form - [NAME_REDACTED] - Cold - - 500164.eml[1].eml,500164,[NAME_REDACTED],Cold,"Tue, 09 Dec 2025 13:23:02 +0300",KCSE C plain,,Canada,nursing,,Parents,[AMOUNT_REDACTED],,CLEAN,html,
Re_ Kenya Office - Counsellor Assessment Form - [NAME_REDACTED] - Cold - 501181 -.eml[1].eml,501181,[NAME_REDACTED],Cold,"Mon, 08 Dec 2025 06:36:02 -0500",Awaiting results,,Canada,Full scholarship,sep 2026,Parents,[AMOUNT_REDACTED],,CLEAN,html,
Re_ Kenya Office - Counsellor Assessment Form - [NAME_REDACTED] - Good - 500945 -.eml[1].eml,500945,[NAME_REDACTED],Good,"Tue, 09 Dec 2025 06:06:11 -0500",Form 4 leaver awaiting results,,Germany,,,Parents,[AMOUNT_REDACTED],,CLEAN,html,
Re_ Kenya Office - Counsellor Assessment Form - [NAME_REDACTED] - Good - 501178 -.eml[1].eml,501178,[NAME_REDACTED],,"Mon, 08 Dec 2025 14:47:22 +0300",No response,,,,,,[AMOUNT_REDACTED],,CHECK,html,
Re_ Kenya Office - Counsellor Assessment Form - [NAME_REDACTED] - Cold - 384916 -.eml[1].eml,384916,[NAME_REDACTED],Cold,"Tue, 29 Apr 2025 11:20:05 -0400",will be available for the expo looking for online studies,,UK,hospitality,June 2025,looking for scholarship funding,[AMOUNT_REDACTED],,CLEAN,html,
Re_ Kenya Office - Counsellor Assessment Form - [NAME_REDACTED] - Good - 373705 -.eml[1].eml,373705,[NAME_REDACTED],Good,"Wed, 09 Apr 2025 18:20:36 +0300","KCSE D plus had previously begun a conversation with [NAME_REDACTED] about the Adult social care program says she put everything on hold after being contacted by Has done her IELTS atm ok with picking up conversation with parents on their next steps either pursuing a nursing, social work or the diploma program",will share her IELTS score,UK,"nursing Adult care,social work",undecided,Parents,[AMOUNT_REDACTED],,CLEAN,html,
Re_ Kenya Office - Counsellor Assessment Form - [NAME_REDACTED] - Good - 406990 -.eml[1].eml,406990,[NAME_REDACTED],Good,"Wed, 04 Jun 2025 18:36:53 +0300","4/6 interested in a MSc program in business analytics intakes in mind Jan/May 2026 interested in any available partial scholarships passport available line of work bank operations self sponsoring as well universities in mind atm Keele,Kent and Chester will not be available for the open day",no,UK,business analytics,January 2026,partial scholarship,[AMOUNT_REDACTED],,CLEAN,html,
Re_ Kenya Office - Counsellor Assessment Form - [NAME_REDACTED] - Cold - 384334 -.eml[1].eml,384334,[NAME_REDACTED],Cold,"Wed, 30 Apr 2025 11:18:51 +0300",Bachelor of arts 2018 Second class upper KCSE C+ 2010,No,UK,Law,September,To visit the office first,[AMOUNT_REDACTED],,CLEAN,html,
Re_ Kenya Office - Counsellor Assessment Form - [NAME_REDACTED] - Good - 380822 -.eml[1].eml,380822,[NAME_REDACTED],Good,"Wed, 23 Apr 2025 16:03:26 +0300",BSC IT 2021 First class honors KCSE B 2014,,UK,Masters in web design or masters in media communication,September,Self Funded,[AMOUNT_REDACTED],,CLEAN,html,
Re_ Kenya Office - Counsellor Assessment Form - [NAME_REDACTED] - Good - 406125 -.eml[1].eml,406125,[NAME_REDACTED],Good,"Fri, 06 Jun 2025 23:00:07 +0300",Diploma in nursing 2024 KCSE B- 2019,No,UK,Nursing,January 2026,Parents,[AMOUNT_REDACTED],,CLEAN,html,
Re_ Kenya Office - Counsellor Assessment Form - [NAME_REDACTED] - Good - 374716 -.eml[1].eml,374716,[NAME_REDACTED],,"Thu, 27 Mar 2025 16:30:30 +0300",masters level,none taken,UK,phd in social work,september 2025,,[AMOUNT_REDACTED],,CHECK,html,
Re_ Kenya Office - Counsellor Assessment Form - [NAME_REDACTED] - Good - 500852 -.eml[1].eml,500852,[NAME_REDACTED],Good,"Mon, 08 Dec 2025 06:23:04 -0500",second class honours 2025. Is yet to pick up transcripts from the university and the certificate,,the UK,COMPUTER SCIENCE,2026,Parents,[AMOUNT_REDACTED],,CLEAN,html,
Re_ Kenya Office - Counsellor Assessment Form - [NAME_REDACTED] - Excellent - 383014 -.eml[1].eml,383014,[NAME_REDACTED],Excellent,"Mon, 28 Apr 2025 18:34:03 +0300",Bachelors in GIS Maseno University 2023 2:1 Passport [PASSPORT_REDACTED],KCSE English B+ 2018,UK,Digital Design/Fine Arts,Jan Intake 2026,Self Funded,[AMOUNT_REDACTED],,CLEAN,html,
Re_ Kenya Office - Counsellor Assessment Form - [NAME_REDACTED] - Excellent - 404339 -.eml[1].eml,404339,[NAME_REDACTED],Excellent,"Wed, 28 May 2025 17:37:41 +0300",Bachelor's degree in Computer science 2020 Rongo University 2:2 Passport [PASSPORT_REDACTED],No KCSE English A- 2014,UK,Masters in Data Science,Jan Intake 2026,Self Funded,[AMOUNT_REDACTED],,CLEAN,html,
Re_ Kenya Office - Counsellor Assessment Form - [NAME_REDACTED] - Good - 375300 -.eml[1].eml,375300,[NAME_REDACTED],Good,"Wed, 04 Jun 2025 12:07:48 +0300",Bachelors in Environmental Science 2022 Moi University 2:2 Passport [PASSPORT_REDACTED],No KCSE English B 2014,UK,Public Health,Jan Intake 2026,Self Funded,[AMOUNT_REDACTED],,CLEAN,html,
Re_ Kenya Office - Counsellor Assessment Form - [NAME_REDACTED] - Good - 376414 -.eml[1].eml,376414,[NAME_REDACTED],Good,"Fri, 11 Apr 2025 16:43:02 +0300",Certificate in Nursing Assistance Pass 2024 KCSE D+ 2017,KCSE English C+,UK,Adult social care programme,July Intake,Parents,[AMOUNT_REDACTED],,CLEAN,html,
Re_ Kenya Office - Counsellor Assessment Form - [NAME_REDACTED] - Good - 386622 -.eml[1].eml,386622,[NAME_REDACTED],Good,"Mon, 26 May 2025 09:36:55 +0300",Diploma in Information Science 2012 Nursing Assistant January 2025 3months Practice Passport [PASSPORT_REDACTED],KCSE English IELTS,UK,BA in Social Work,Jan Intake 2026,Self Funded,[AMOUNT_REDACTED],,CLEAN,html,
Re_ Kenya Office - Counsellor Assessment Form - [NAME_REDACTED] - Good - 401786 -.eml[1].eml,401786,[NAME_REDACTED],Good,"Fri, 23 May 2025 18:47:36 +0300",Diploma in Criminology 2017 Moi University Pass Passport [PASSPORT_REDACTED] Emily Wanjiru Ndonga,KCSE English C 2014,UK,Business Related course,Jan Intake 2026,Parents,[AMOUNT_REDACTED],,CLEAN,html,
Re_ Kenya Office - Counsellor Assessment Form - [NAME_REDACTED] - Good - 406272 -.eml[1].eml,406272,[NAME_REDACTED],Good,"Fri, 13 Jun 2025 12:26:12 +0300",Bachelors in Criminology 2017 Karatina University 2:2 No Passport,No KCSE English B 2012,UK,MA in Criminology/Forensics,September Intake 2026,Parents,[AMOUNT_REDACTED],,CLEAN,html,
Re_ Kenya Office - Counsellor Assessment Form - [NAME_REDACTED] - Good - 405255 -.eml[1].eml,405255,[NAME_REDACTED],Good,"Fri, 30 May 2025 16:12:14 +0300",diploma in medical engineering 2023,no,UK,project management,jan 26,Self Funded,[AMOUNT_REDACTED],,CLEAN,html,
Re_ Kenya Office - Counsellor Assessment Form - [NAME_REDACTED] - Good - 405840 -.eml[1].eml,405840,[NAME_REDACTED],,"Wed, 04 Jun 2025 15:18:16 +0300",bachelor of science 2022,no,UK,cyber security and data protection,sep 2025,,[AMOUNT_REDACTED],,CHECK,html,
Re_ Kenya Office - Counsellor Assessment Form - [NAME_REDACTED] - Good - 406984 -.eml[1].eml,406984,[NAME_REDACTED],Good,"Wed, 04 Jun 2025 18:37:03 +0300",degree in medical 2019,no,UK,masters in public health,Jan 2026,Self Funded,[AMOUNT_REDACTED],,CLEAN,html,
Re_ Kenya Office - Counsellor Assessment Form - [NAME_REDACTED] - Good - 500700 -.eml[1].eml,500700,[NAME_REDACTED],Good,"Sat, 06 Dec 2025 11:59:24 +0300",KCSE Grade C+ in 2022,,UK,computer science,,Other family members or relatives,[AMOUNT_REDACTED],,CLEAN,html,
Fwd_ Kenya Office - Counsellor Assessment Form - [NAME_REDACTED] - Cold - -.eml[1].eml,,[NAME_REDACTED],Cold,"Mon, 10 Mar 2025 20:23:33 +0300",Bachelors in Education 2022 Kisii University 2:1 Passport [PASSPORT_REDACTED],No KCSE English D+,UK,Masters in English Literature,September Intake 2025,Parents,[AMOUNT_REDACTED],,CHECK,html,
Fwd_ Kenya Office - Counsellor Assessment Form - [NAME_REDACTED] - Excellent - 372430 -.eml[1].eml,372430,[NAME_REDACTED],Excellent,"Wed, 19 Mar 2025 18:07:42 +0300",Diploma in Education 2016 University of Kabianga Distinction Certificate and Diploma Occupational Safety and Health Passport [PASSPORT_REDACTED],No KCSE English C+ 2013,UK,International Business Management,September Intake 2025,Self Funded,[AMOUNT_REDACTED],,CLEAN,html,
Fwd_ Kenya Office - Counsellor Assessment Form - [NAME_REDACTED] - Excellent - 382137 -.eml[1].eml,382137,[NAME_REDACTED],Excellent,"Sat, 26 Apr 2025 14:07:52 +0300",Bsc Population Health 2013 KU 2:1 Passport [PASSPORT_REDACTED],IELTS overall 6.5 minimum 6.0 KCSE English B 2007,UK,Masters Nursing Conversion,September Intake 2025/Jan 2026,Parents,[AMOUNT_REDACTED],,CLEAN,html,
Fwd_ Kenya Office - Counsellor Assessment Form - [NAME_REDACTED] - Good - 375300 -.eml[1].eml,375300,[NAME_REDACTED],Good,"Wed, 04 Jun 2025 12:07:48 +0300",Bachelors in Environmental Science 2022 Moi University 2:2 Passport [PASSPORT_REDACTED],No KCSE English B 2014,UK,Public Health,Jan Intake 2026,Self Funded,[AMOUNT_REDACTED],,CLEAN,html,
Fwd_ Kenya Office - Counsellor Assessment Form - [NAME_REDACTED] - Good - 376414 -.eml[1].eml,376414,[NAME_REDACTED],Good,"Fri, 11 Apr 2025 16:43:02 +0300",Certificate in Nursing Assistance Pass 2024 KCSE D+ 2017,KCSE English C+,UK,Adult social care programme,July Intake,Parents,[AMOUNT_REDACTED],,CLEAN,html,
Fwd_ Kenya Office - Counsellor Assessment Form - [NAME_REDACTED] - Good - 381152 -.eml[1].eml,381152,[NAME_REDACTED],Good,"Thu, 24 Apr 2025 18:37:22 +0300",Bachelors BIT 2018 Maseno University 2:2 Passport [PASSPORT_REDACTED],No KCSE English C 2007,UK,MBA,May Intake 2026,Self Funded,[AMOUNT_REDACTED],,CLEAN,html,
Fwd_ Kenya Office - Counsellor Assessment Form - [NAME_REDACTED] - Good - 381182 -.eml[1].eml,381182,[NAME_REDACTED],Good,"Sat, 26 Apr 2025 13:59:25 +0300",KCSE D- 2021 Passport [PASSPORT_REDACTED],No KCSE English ...,UK,Fashion and Design,September Intake 2025,Other family members or relatives,[AMOUNT_REDACTED],,CLEAN,html,
Fwd_ Kenya Office - Counsellor Assessment Form - [NAME_REDACTED] - Good - 381185 -.eml[1].eml,381185,[NAME_REDACTED],Good,"Mon, 05 May 2025 19:11:58 +0300",KCSE C+ 2023 Passport [PASSPORT_REDACTED],KCSE English C,UK,Accounting,September 2025,Other family members or relatives,[AMOUNT_REDACTED],,CLEAN,html,
Fwd_ Kenya Office - Counsellor Assessment Form - [NAME_REDACTED] - Good - 382993 -.eml[1].eml,382993,[NAME_REDACTED],Good,"Tue, 29 Apr 2025 15:58:57 +0300",Bachelors in Environmental Science JKUAT 2019 2:1 Passport [PASSPORT_REDACTED],No-Preparing for PTE KCSE English B- 2014,UK,Msc in Environmental Science,September Intake 2025,Parents,[AMOUNT_REDACTED],,CLEAN,html,
Fwd_ Kenya Office - Counsellor Assessment Form - [NAME_REDACTED] - Good - 383055 -.eml[1].eml,383055,[NAME_REDACTED],Good,"Wed, 30 Apr 2025 02:01:13 +0100",Bachelors in Information and Systems Technology 2004 3.5 GPA Masters in Information and Communications First Class Honors 2009 Passport [PASSPORT_REDACTED],Has studied in UK,UK,DBA,September Intake 2025,Self Funded,[AMOUNT_REDACTED],,CLEAN,html,
Fwd_ Kenya Office - Counsellor Assessment Form - [NAME_REDACTED] - Good - 383057 -.eml[1].eml,383057,[NAME_REDACTED],Good,"Tue, 29 Apr 2025 18:57:24 +0300",Bachelors in Hotel Management 2019 UOE 2:1 Passport [PASSPORT_REDACTED],No KCSE English B 2014,UK,MBA/Strategic Management,September Intake 2025,Self Funded,[AMOUNT_REDACTED],,CLEAN,html,
Fwd_ Kenya Office - Counsellor Assessment Form - [NAME_REDACTED] - Good - 385247 -.eml[1].eml,385247,[NAME_REDACTED],Good,"Tue, 29 Apr 2025 13:13:23 +0300",DIPLOMA IN QUANTITY SURVEY 2022 KIHBT Credit Passport [PASSPORT_REDACTED],No KCSE English C+,UK,Bachelors in QS,September Intake 2025,Parents,[AMOUNT_REDACTED],,CLEAN,html,
Fwd_ Kenya Office - Counsellor Assessment Form - [NAME_REDACTED] - Good - 385926 -.eml[1].eml,385926,[NAME_REDACTED],Good,"Mon, 05 May 2025 16:14:20 +0300","Michelle IGCSE 2023 Math 4, Bio 4, English5, 4 Passport Valid",No,UK,Bachelors in IR,September Intake 2025,Parents,[AMOUNT_REDACTED],,CLEAN,html,
Fwd_ Kenya Office - Counsellor Assessment Form - [NAME_REDACTED] - Good - 386622 -.eml[1].eml,386622,[NAME_REDACTED],Good,"Mon, 26 May 2025 09:36:55 +0300",Diploma in Information Science 2012 Nursing Assistant January 2025 3months Practice Passport [PASSPORT_REDACTED],KCSE English IELTS,UK,BA in Social Work,Jan Intake 2026,Self Funded,[AMOUNT_REDACTED],,CLEAN,html,
Fwd_ Kenya Office - Counsellor Assessment Form - [NAME_REDACTED] - Good - 396234 -.eml[1].eml,396234,[NAME_REDACTED],Good,"Sat, 17 May 2025 12:34:29 +0300",KCSE C- 2022 Passport [PASSPORT_REDACTED],No KCSE English C,UK,Nursing/Disaster Management,Jan Intake 2026,Parents,[AMOUNT_REDACTED],,CLEAN,html,
Fwd_ Kenya Office - Counsellor Assessment Form - [NAME_REDACTED] - Good - 404873 -.eml[1].eml,404873,[NAME_REDACTED],Good,"Tue, 10 Jun 2025 18:05:24 +0300",KCSE A- 2024 Passport [PASSPORT_REDACTED],KCSE English A,UK,Bsc in Information Technology,September Intake 2025,Parents,[AMOUNT_REDACTED],,CLEAN,html,
Fwd_ Kenya Office - Counsellor Assessment Form - [NAME_REDACTED] - Good - 404973 -.eml[1].eml,404973,[NAME_REDACTED],Good,"Mon, 09 Jun 2025 19:54:09 +0300",HND in Psychiatry Nursing KMTC 2019 Registered Nurse Passport [PASSPORT_REDACTED],No,UK,Psycology,Jan Intake 2026,Self Funded,[AMOUNT_REDACTED],,CLEAN,html,
Fwd_ Kenya Office - Counsellor Assessment Form - [NAME_REDACTED] - Good - 405122 -.eml[1].eml,405122,[NAME_REDACTED],Good,"Thu, 12 Jun 2025 11:04:33 +0300",KCSE C 2024 Passport [PASSPORT_REDACTED],KCSE English C+,UK,Bsc in Finance,September Intake 2025,Parents,[AMOUNT_REDACTED],,CLEAN,html,
Fwd_ Kenya Office - Counsellor Assessment Form - [NAME_REDACTED] - Good - 405708 -.eml[1].eml,405708,[NAME_REDACTED],Good,"Thu, 12 Jun 2025 11:44:15 +0300",Bachelors of Commerce in Operations Management 2018 2:2 Online,No KCSE English B- 2009,UK,Finance and risk Management,September Intake 2025,Self Funded,[AMOUNT_REDACTED],,CLEAN,html,
Fwd_ Kenya Office - Counsellor Assessment Form - [NAME_REDACTED] - Good - 406272 -.eml[1].eml,406272,[NAME_REDACTED],Good,"Fri, 13 Jun 2025 12:26:12 +0300",Bachelors in Criminology 2017 Karatina University 2:2 No Passport,No KCSE English B 2012,UK,MA in Criminology/Forensics,September Intake 2026,Parents,[AMOUNT_REDACTED],,CLEAN,html,
Fwd_ Kenya Office - Counsellor Assessment Form - [NAME_REDACTED] - Good - 406281 -.eml[1].eml,406281,[NAME_REDACTED],Good,"Thu, 12 Jun 2025 11:50:52 +0300",Bachelors in Psychology CUEA 3Years Passport [PASSPORT_REDACTED],Duolingo 150 minimum,UK,Psychology,September Intake 2025,Parents,[AMOUNT_REDACTED],,CLEAN,html,
Fwd_ Kenya Office - Counsellor Assessment Form - [NAME_REDACTED] - Good - 406302 -.eml[1].eml,406302,[NAME_REDACTED],Good,"Fri, 13 Jun 2025 09:54:44 +0300",Bachelors in Education 2012 Maside Muliro 2:2 Passport [PASSPORT_REDACTED],No KCSE English B 2006,UK,Masters in Special Needs and Disability,September Intake 2025,Self Funded,[AMOUNT_REDACTED],,CLEAN,html,
Fwd_ Kenya Office - Counsellor Assessment Form - [NAME_REDACTED] - Good - 406915 -.eml[1].eml,406915,[NAME_REDACTED],Good,"Thu, 12 Jun 2025 11:51:58 +0300",Diploma in animal health and production and artificial insemination 2019 Baraton College Pass Passport [PASSPORT_REDACTED],IELTS Academic overall 5.5 minimum 5.0 2023 KCSE English C,UK,Agricultural Course,September Intake 2025,Parents,[AMOUNT_REDACTED],,CLEAN,html,
Fwd_ Kenya Office - Counsellor Assessment Form - [NAME_REDACTED] - Good - 411501 -.eml[1].eml,411501,[NAME_REDACTED],Good,"Wed, 25 Jun 2025 14:52:05 +0300",Economics and statistics 2018 2:1 Moi University Passport [PASSPORT_REDACTED],No KCSE English B 2012,UK,MBA-Accounts and Audits,September Intake 2026,Self Funded,[AMOUNT_REDACTED],,CLEAN,html,
Re_ Kenya Office - Counsellor Assessment Form - [NAME_REDACTED] - Cold - -.eml[1].eml,,[NAME_REDACTED],Cold,"Mon, 20 Jan 2025 14:52:18 +0000",KCSE C+ 2024 Passport in progress,KCSE English B-,US/UK,Degree in Nursing,September Intake 2025,Parents,[AMOUNT_REDACTED],,CHECK,html,
Re_ Kenya Office - Counsellor Assessment Form - [NAME_REDACTED] - Cold - 375155 -.eml[1].eml,375155,[NAME_REDACTED],Cold,"Thu, 03 Apr 2025 10:18:53 +0300",Masters in Finance/Accounting MBA 2018 Bharasya University India Pass GPA Bachelors of Commerce Perea University 2016 First Class Yet to renew passport,No KCSE English B- 2012,UK,MSC in Business Analytics,Jan Intake 2026,Self Funded,[AMOUNT_REDACTED],,CLEAN,html,
Re_ Kenya Office - Counsellor Assessment Form - [NAME_REDACTED] - Excellent - -.eml[1].eml,,[NAME_REDACTED],Excellent,"Fri, 08 Nov 2024 16:08:48 +0000",Bachelors in Education 2024 2:1 KU Passport [PASSPORT_REDACTED],No KCSE English B 2018,UK,Masters in Education,September Intake 2025,Self Funded,[AMOUNT_REDACTED],,CHECK,html,
Re_ Kenya Office - Counsellor Assessment Form - [NAME_REDACTED] - Excellent - 316702 -.eml[1].eml,316702,[NAME_REDACTED],Excellent,"Thu, 21 Nov 2024 10:17:08 +0000",Bachelor of Medicine and Surgery 2016 UON 2016 Passport [PASSPORT_REDACTED],No KCSE English A- 2013,UK,Masters in Internal Medicine,May Intake 2025,Parents,[AMOUNT_REDACTED],,CLEAN,html,
Re_ Kenya Office - Counsellor Assessment Form - [NAME_REDACTED] - Excellent - 342472 -.eml[1].eml,342472,[NAME_REDACTED],Excellent,"Fri, 24 Jan 2025 14:43:49 +0000",KCSE C 2023 Passport [PASSPORT_REDACTED],No KCSE English C,UK,Degree in Nursing,September Intake 2025,Parents,[AMOUNT_REDACTED],,CLEAN,html,
Re_ Kenya Office - Counsellor Assessment Form - [NAME_REDACTED] - Excellent - 367687 -.eml[1].eml,367687,[NAME_REDACTED],Excellent,"Tue, 04 Mar 2025 11:06:49 +0000",Bachelors in Law 2020 CUEA 2:2 Post Graduate Diploma KSL 2022 Pass Passport [PASSPORT_REDACTED],No KCSE English B,UK,LLM-Public Policy/Commercial Law,September Intake 2025,Self Funded,[AMOUNT_REDACTED],,CLEAN,html,
Re_ Kenya Office - Counsellor Assessment Form - [NAME_REDACTED] - Good - -.eml[1].eml,,[NAME_REDACTED],Good,"Thu, 07 Nov 2024 12:51:05 +0000",Diploma in Nursing KMTC Pass 2020 Passport [PASSPORT_REDACTED],IELTS overall 7.5 minimum 6.5,UK,Top Up Degree in Nursing,May Intake 2025,Self Funded,[AMOUNT_REDACTED],,CHECK,html,
Re_ Kenya Office - Counsellor Assessment Form - [NAME_REDACTED] - Good - 306816 -.eml[1].eml,306816,[NAME_REDACTED],Good,"Thu, 31 Oct 2024 17:13:22 +0000",Bachelors in Nursing 2025-August Passport [PASSPORT_REDACTED],No KCSE English,Canada/ Australia/UK,Masters in Midwifely,September Intake 2025,Other family members or relatives,[AMOUNT_REDACTED],,CLEAN,html,
Re_ Kenya Office - Counsellor Assessment Form - [NAME_REDACTED] - Good - 326244 -.eml[1].eml,326244,[NAME_REDACTED],Good,"Thu, 02 Jan 2025 19:45:19 +0000",Diploma in Community Health Nursing Ortum Mission Hospital Pass 2018 Passport [PASSPORT_REDACTED],No KCSE English B 2013,UK/Malaysia,Degree in Nursing,September Intake 2025,Self Funded,[AMOUNT_REDACTED],,CLEAN,html,
Re_ Kenya Office - Counsellor Assessment Form - [NAME_REDACTED] - Good - 327400 -.eml[1].eml,327400,[NAME_REDACTED],Good,"Thu, 02 Jan 2025 19:44:54 +0000",Bachelors in Computer Science 2022 Moi University 2:1 Passport [PASSPORT_REDACTED],No KCSE English C+,UK,Masters in Information Systems Management,September Intake 2025,Self Funded,[AMOUNT_REDACTED],,CLEAN,html,
Re_ Kenya Office - Counsellor Assessment Form - [NAME_REDACTED] - Good - 327621 -.eml[1].eml,327621,[NAME_REDACTED],Good,"Thu, 09 Jan 2025 23:44:55 +0000",Bachelors in Hospitality Management 2022 UON 2:2 Passport [PASSPORT_REDACTED],IELTS Academic overall 7.5 minimum 7.0,UK,Masters in Hospitality Management,May Intake 2025,Self Funded,[AMOUNT_REDACTED],,CLEAN,html,
Re_ Kenya Office - Counsellor Assessment Form - [NAME_REDACTED] - Good - 329521 -.eml[1].eml,329521,[NAME_REDACTED],Good,"Wed, 08 Jan 2025 17:24:18 +0000",Bachelors in Nursing Kabarak University 2018 Pass Passport [PASSPORT_REDACTED],No KCSE English B 2012,UK,Masters in Nursing,September Intake 2025,Self Funded,[AMOUNT_REDACTED],,CLEAN,html,
Re_ Kenya Office - Counsellor Assessment Form - [NAME_REDACTED] - Good - 330419 -.eml[1].eml,330419,[NAME_REDACTED],Good,"Wed, 08 Jan 2025 17:23:22 +0000",Bachelors in Education Kabarak University 2:2 2016 No Passport,No KCSE English C+ 2012,UK,Masters in Education Psycology,September Intake 2025,Self Funded,[AMOUNT_REDACTED],,CLEAN,html,
Re_ Kenya Office - Counsellor Assessment Form - [NAME_REDACTED] - Good - 331858 -.eml[1].eml,331858,[NAME_REDACTED],Good,"Thu, 09 Jan 2025 23:40:45 +0000",Bachelor of Education(Technology Education- Building & Construction Technology) 2021 UOE 2:1 Passport [PASSPORT_REDACTED],No KCSE English B 2015,UK,Mres in Management/ Engineering,May Intake 2025,Self Funded,[AMOUNT_REDACTED],,CLEAN,html,
Re_ Kenya Office - Counsellor Assessment Form - [NAME_REDACTED] - Good - 334973 -.eml[1].eml,334973,[NAME_REDACTED],Good,"Tue, 14 Jan 2025 17:28:10 +0000",KCSE B- 2024 Passport in progress,KCSE English A,UK,Bachelors in Business Analytics,September Intake 2025,Parents,[AMOUNT_REDACTED],,CLEAN,html,
Re_ Kenya Office - Counsellor Assessment Form - [NAME_REDACTED] - Good - 335203 -.eml[1].eml,335203,[NAME_REDACTED],Good,"Wed, 15 Jan 2025 15:49:26 +0000",Bachelors in Health Services Management 2024 KU First Class honors Passport [PASSPORT_REDACTED],No KCSE English B 2019,Canada/ Australia/France/UK,Msc in Public Health,Jan Intake 2026,Parents,[AMOUNT_REDACTED],,CLEAN,html,
Re_ Kenya Office - Counsellor Assessment Form - [NAME_REDACTED] - Good - 338166 -.eml[1].eml,338166,[NAME_REDACTED],Good,"Tue, 21 Jan 2025 17:45:17 +0000",Bachelors in Enviromental Health/Public Health 2014 2:1 MKU Passport yet to be renewed,No KCSE English C 1995,UK,Masters in Public Health,September Intake 2025,Self Funded,[AMOUNT_REDACTED],,CLEAN,html,
Re_ Kenya Office - Counsellor Assessment Form - [NAME_REDACTED] - Good - 345020 -.eml[1].eml,345020,[NAME_REDACTED],Good,"Mon, 27 Jan 2025 18:01:19 +0000",Bsc in Environmental Health 2015 KU 2:1 Passport [PASSPORT_REDACTED],IELTS Academic overrall6.5 Minimum 6.0,UK/Ireland,Masters in Social/Public Health,May Intake 2025,Self Funded,[AMOUNT_REDACTED],,CLEAN,html,
Re_ Kenya Office - Counsellor Assessment Form - [NAME_REDACTED] - Good - 346856 -.eml[1].eml,346856,[NAME_REDACTED],Good,"Wed, 29 Jan 2025 15:05:19 +0000",Diploma in Community Health Nursing Amref University 2020 Nursing Council License 2018 Passport [PASSPORT_REDACTED],IELTS Academic Overall 7.0 Minimum 6.5 2023,UK,Top Up Degree in Nursing,September Intake 2025,Self Funded,[AMOUNT_REDACTED],,CLEAN,html,
Re_ Kenya Office - Counsellor Assessment Form - [NAME_REDACTED] - Good - 357920 -.eml[1].eml,357920,[NAME_REDACTED],Good,"Tue, 04 Feb 2025 15:02:42 +0000",KCSE D 2024 Passport [PASSPORT_REDACTED],No KCSE English,UK,Diploma Adult social care,May Intake 2025,Parents,[AMOUNT_REDACTED],,CLEAN,html,
Re_ Kenya Office - Counsellor Assessment Form - [NAME_REDACTED] - Good - 357940 -.eml[1].eml,357940,[NAME_REDACTED],Good,"Tue, 04 Feb 2025 15:02:35 +0000",Bachelors in Business Management 2014 Moi University 2:2 Passport [PASSPORT_REDACTED],MOI,UK,Masters in Business Related-Mres,May Intake 2025,Self Funded,[AMOUNT_REDACTED],,CLEAN,html,
Re_ Kenya Office - Counsellor Assessment Form - [NAME_REDACTED] - Good - 358645 -.eml[1].eml,358645,[NAME_REDACTED],Good,"Thu, 06 Feb 2025 22:42:12 +0000",KCSE C+ 2021 Passport [PASSPORT_REDACTED],No KCSE English B-,UK,Degree in Nursing,May Intake 2025,Parents,[AMOUNT_REDACTED],,CLEAN,html,
Re_ Kenya Office - Counsellor Assessment Form - [NAME_REDACTED] - Good - 359597 -.eml[1].eml,359597,[NAME_REDACTED],Good,"Wed, 12 Feb 2025 01:05:21 +0000",Bachelors of Arts Economics 2018 Rongo University 2:1 Passport [PASSPORT_REDACTED],No KCSE English B+ 2012,UK,"Business, Finance, Administration-MBA",September Intake 2025,Self Funded,[AMOUNT_REDACTED],,CLEAN,html,
Re_ Kenya Office - Counsellor Assessment Form - [NAME_REDACTED] - Good - 361038 -.eml[1].eml,361038,[NAME_REDACTED],Good,"Tue, 11 Feb 2025 03:30:10 +0000",KCSE 2023,KCSE English B-,UK,Degree in Nursing,September Intake 2025,Parents,[AMOUNT_REDACTED],,CLEAN,html,
Re_ Kenya Office - Counsellor Assessment Form - [NAME_REDACTED] - Good - 364404 -.eml[1].eml,364404,[NAME_REDACTED],Good,"Fri, 21 Feb 2025 09:54:23 +0000",BCOM 2013 Egerton University 2:1 Passport [PASSPORT_REDACTED],No KCSE English B-,UK/Canada,MBA,September Intake 2025,Self Funded,[AMOUNT_REDACTED],,CLEAN,html,
Re_ Kenya Office - Counsellor Assessment Form - [NAME_REDACTED] - Good - 365618 -.eml[1].eml,365618,[NAME_REDACTED],Good,"Mon, 24 Feb 2025 17:11:07 +0000",MSc Strategic Quality Management 2009 University of Portsmouth Pass Passport [PASSPORT_REDACTED],No KCSE English D 1998 Studied in UK for 6 Years,UK,Masters in Project Management,September Intake 2025,Other family members or relatives,[AMOUNT_REDACTED],,CLEAN,html,
Fwd_ Assessment form - UK Universities - UK Office - Ali Yussuf-No- Yes - May 2025.eml[1].eml,,[COUNSELLOR_ID],,"Mon, 27 Jan 2025 18:10:33 +0300",Other professional qualifications,,,,,,[AMOUNT_REDACTED],,CHECK,html,
Fwd_ Assessment form - UK Universities - UK Office - Claudia jepkemboi-Yes- No - September 2025.eml[1].eml,,[COUNSELLOR_ID],,"Wed, 29 Jan 2025 16:42:32 +0000",A level or equivalent qualification,,,,,,[AMOUNT_REDACTED],,CHECK,html,
Fwd_ Assessment form - UK Universities - UK Office - Eliud Kipngeno-No- No - September 2025.eml[1].eml,,[COUNSELLOR_ID],,"Tue, 21 Jan 2025 17:47:48 +0000",GCSE or equivalent qualification,,,,,,[AMOUNT_REDACTED],,CHECK,html,
Fwd_ Assessment form - UK Universities - UK Office - Ian Kemboi -Yes- Yes - September 2025.eml[1].eml,,[COUNSELLOR_ID],,"Wed, 05 Feb 2025 18:12:33 +0300",Master's degree or equivalent qualification,,,,,,[AMOUNT_REDACTED],,CHECK,html,
Fwd_ Assessment form - UK Universities - UK Office - Paula Jumwa-No- No - January 2026.eml[1].eml,,[COUNSELLOR_ID],,"Tue, 18 Feb 2025 11:46:20 +0000",GCSE or equivalent qualification,,,,,,[AMOUNT_REDACTED],,CHECK,html,
Fwd_ Kenya Office - Counsellor Assessment Form - [NAME_REDACTED] - Good - 367479 -.eml[1].eml,367479,[NAME_REDACTED],Good,"Tue, 04 Mar 2025 20:55:38 +0300",Masters in Agriculture- Applied Economics 2010 UON Pass Bachelors in Agriculture-Economics 2007 UON 2:1 Passport [PASSPORT_REDACTED],No KCSE English B,UK/US,Global MBA/Business Development,September Intake 2025,Company sponson,[AMOUNT_REDACTED],,CLEAN,html,
Fwd_ Kenya Office - Counsellor Assessment Form - [NAME_REDACTED] - Good - 368539 -.eml[1].eml,368539,[NAME_REDACTED],Good,"Thu, 06 Mar 2025 00:56:31 +0300",Diploma in Aeronautical Engineering Aviation College-KNEC 2007 Passport [PASSPORT_REDACTED],No KCSE English C+ 2003,UK,Project Management/Air Ceptic/Aviation Management,September Intake 2025,Self Funded,[AMOUNT_REDACTED],,CLEAN,html,
Re_ Kenya Office - Counsellor Assessment Form - [NAME_REDACTED] - Excellent - 342472 -.eml[1].eml,342472,[NAME_REDACTED],Excellent,"Fri, 24 Jan 2025 14:43:49 +0000",KCSE C 2023 Passport [PASSPORT_REDACTED],No KCSE English C,UK,Degree in Nursing,September Intake 2025,Parents,[AMOUNT_REDACTED],,CLEAN,html,
Re_ Kenya Office - Counsellor Assessment Form - [NAME_REDACTED] - Excellent - 367687 -.eml[1].eml,367687,[NAME_REDACTED],Excellent,"Tue, 04 Mar 2025 11:06:49 +0000",Bachelors in Law 2020 CUEA 2:2 Post Graduate Diploma KSL 2022 Pass Passport [PASSPORT_REDACTED],No KCSE English B,UK,LLM-Public Policy/Commercial Law,September Intake 2025,Self Funded,[AMOUNT_REDACTED],,CLEAN,html,
Re_ Kenya Office - Counsellor Assessment Form - [NAME_REDACTED] - Good - 336710 -.eml[1].eml,336710,[NAME_REDACTED],Good,"Tue, 21 Jan 2025 00:25:29 +0000",Imedah Waithera KCSE C+ 2023 Passport [PASSPORT_REDACTED],No KCSE English B-,UK,Degree in Nursing,September Intake 2025,Parents,[AMOUNT_REDACTED],,CLEAN,html,
Re_ Kenya Office - Counsellor Assessment Form - [NAME_REDACTED] - Good - 337614 -.eml[1].eml,337614,[NAME_REDACTED],Good,"Mon, 20 Jan 2025 17:44:01 +0000",Bachelors in International Business 2024 MKU 2:2 Passport [PASSPORT_REDACTED],No,UK,MBA/International Business,September Intake 2025,Other family members or relatives,[AMOUNT_REDACTED],,CLEAN,html,
Re_ Kenya Office - Counsellor Assessment Form - [NAME_REDACTED] - Good - 337722 -.eml[1].eml,337722,[NAME_REDACTED],Good,"Mon, 20 Jan 2025 13:02:04 +0000",Bsc Physiotherapy 2021 Moi University Pass Passport [PASSPORT_REDACTED],No KCSE English B+ 2014,UK,Masters in Clinical Exercise Science,May Intake 2025/September Intake 2025,Self Funded,[AMOUNT_REDACTED],,CLEAN,html,
Re_ Kenya Office - Counsellor Assessment Form - [NAME_REDACTED] - Good - 338076 -.eml[1].eml,338076,[NAME_REDACTED],Good,"Mon, 20 Jan 2025 17:44:09 +0000",KCSE B- 2019 Diploma in Medical Laboratory Science 2023 Pass,No KCSE English B-,UK,Degree in Micro-Biology,September Intake 2025,Parents,[AMOUNT_REDACTED],,CLEAN,html,
Re_ Kenya Office - Counsellor Assessment Form - [NAME_REDACTED] - Good - 338166 -.eml[1].eml,338166,[NAME_REDACTED],Good,"Tue, 21 Jan 2025 17:45:17 +0000",Bachelors in Enviromental Health/Public Health 2014 2:1 MKU Passport yet to be renewed,No KCSE English C 1995,UK,Masters in Public Health,September Intake 2025,Self Funded,[AMOUNT_REDACTED],,CLEAN,html,
Re_ Kenya Office - Counsellor Assessment Form - [NAME_REDACTED] - Good - 339675 -.eml[1].eml,339675,[NAME_REDACTED],Good,"Thu, 23 Jan 2025 17:31:07 +0000",KCSE B 2024 Passport [PASSPORT_REDACTED],No KCSE English C-,UK,Bachelors Business Management,September Intake 2025,Self Funded,[AMOUNT_REDACTED],,CLEAN,html,
Re_ Kenya Office - Counsellor Assessment Form - [NAME_REDACTED] - Good - 339770 -.eml[1].eml,339770,[NAME_REDACTED],Good,"Wed, 22 Jan 2025 16:56:40 +0000",KCSE C- 2017 Passport [PASSPORT_REDACTED],No KCSE English C+,UK,Emergency Care Nursing,September Intake 2025,Self Funded,[AMOUNT_REDACTED],,CLEAN,html,
Re_ Kenya Office - Counsellor Assessment Form - [NAME_REDACTED] - Good - 340335 -.eml[1].eml,340335,[NAME_REDACTED],Good,"Thu, 23 Jan 2025 02:46:13 +0000",KCSE C+ 2024 No passport,No KCSE English B,Australia/UK,LLB,September Intake 2025,Parents,[AMOUNT_REDACTED],,CLEAN,html,
Re_ Kenya Office - Counsellor Assessment Form - [NAME_REDACTED] - Good - 341266 -.eml[1].eml,341266,[NAME_REDACTED],Good,"Thu, 23 Jan 2025 17:30:09 +0000",Bachelors in Criminology 2024 Egerton University 2:2 Passport [PASSPORT_REDACTED],No KCSE English B- 2015,UK,Masters in International Relations,September Intake 2025,Parents,[AMOUNT_REDACTED],,CLEAN,html,
Re_ Kenya Office - Counsellor Assessment Form - [NAME_REDACTED] - Good - 341380 -.eml[1].eml,341380,[NAME_REDACTED],Good,"Thu, 23 Jan 2025 17:29:18 +0000",Vannessa Cherop Tanui KCSE C+ 2024 No Passport,KCSE English B+,UK,IT,September Intake 2025,Parents,[AMOUNT_REDACTED],,CLEAN,html,
Re_ Kenya Office - Counsellor Assessment Form - [NAME_REDACTED] - Good - 344424 -.eml[1].eml,344424,[NAME_REDACTED],Good,"Wed, 29 Jan 2025 15:04:39 +0000",KCSE D 2018 Passport [PASSPORT_REDACTED],No KCSE English D+,UK,Bachelors in Artificial intelligence,May Intake 2025,Parents,[AMOUNT_REDACTED],,CLEAN,html,
Re_ Kenya Office - Counsellor Assessment Form - [NAME_REDACTED] - Good - 344532 -.eml[1].eml,344532,[NAME_REDACTED],Good,"Wed, 29 Jan 2025 15:05:04 +0000",Diploma in Medical Engineering 2024 KMTC Pass Passport [PASSPORT_REDACTED],No KCSE English B 2018,UK,Bachelors Medical Engineering/Nuclear Physics/Nuclear Medicine,September Intake 2025,Self Funded,[AMOUNT_REDACTED],,CLEAN,html,
Re_ Kenya Office - Counsellor Assessment Form - [NAME_REDACTED] - Good - 344883 -.eml[1].eml,344883,[NAME_REDACTED],Good,"Tue, 28 Jan 2025 12:40:01 +0000",Bachelors in Civil and Structural Engineering 2010 Moi University 2:2 Passport valid,No KCSE English B 2001,Australia/UK,Masters in Structural Engineering,September Intake 2025,Self Funded,[AMOUNT_REDACTED],,CLEAN,html,
Re_ Kenya Office - Counsellor Assessment Form - [NAME_REDACTED] - Good - 344927 -.eml[1].eml,344927,[NAME_REDACTED],Good,"Fri, 31 Jan 2025 17:27:12 +0000",Bachelors in Security management and policy studies 2019 KU 2:2 Passport [PASSPORT_REDACTED],No KCSE English C+ 2014,UK,Masters in Cyber Security,September Intake 2025,Parents,[AMOUNT_REDACTED],,CLEAN,html,
Re_ Kenya Office - Counsellor Assessment Form - [NAME_REDACTED] - Good - 345020 -.eml[1].eml,345020,[NAME_REDACTED],Good,"Mon, 27 Jan 2025 18:01:19 +0000",Bsc in Environmental Health 2015 KU 2:1 Passport [PASSPORT_REDACTED],IELTS Academic overrall6.5 Minimum 6.0,UK/Ireland,Masters in Social/Public Health,May Intake 2025,Self Funded,[AMOUNT_REDACTED],,CLEAN,html,
Re_ Kenya Office - Counsellor Assessment Form - [NAME_REDACTED] - Good - 346771 -.eml[1].eml,346771,[NAME_REDACTED],Good,"Wed, 29 Jan 2025 15:07:43 +0000",KCSE C+ 2016 Passport [PASSPORT_REDACTED],IELTS Academic 2024 Overall 8.5 Minimum 7.5,UK,Bachelors in Software Engineering/Computer Science,May Intake 2025,Self Funded,[AMOUNT_REDACTED],,CLEAN,html,
Re_ Kenya Office - Counsellor Assessment Form - [NAME_REDACTED] - Good - 346865 -.eml[1].eml,346865,[NAME_REDACTED],Good,"Thu, 30 Jan 2025 23:50:15 +0000",Diploma in Pharmacy 2010 Eldoret Polytechnic Pass Passport [PASSPORT_REDACTED],No KCSE English C 2004,UK,Bachelors in Nursing,September Intake 2025,Parents,[AMOUNT_REDACTED],,CLEAN,html,
Re_ Kenya Office - Counsellor Assessment Form - [NAME_REDACTED] - Good - 347086 -.eml[1].eml,347086,[NAME_REDACTED],Good,"Mon, 03 Feb 2025 12:45:43 +0000",KCSE C+ 2024 Passport in progress,No KCSE English C+,Canada/Germany/UK,Degree in Nursing,September Intake 2025,Parents,[AMOUNT_REDACTED],,CLEAN,html,
Re_ Kenya Office - Counsellor Assessment Form - [NAME_REDACTED] - Good - 357665 -.eml[1].eml,357665,[NAME_REDACTED],Good,"Tue, 04 Feb 2025 09:37:58 +0000",KCSE B 2019 Passport [PASSPORT_REDACTED],No KCSE English B+,UK,Logistics and supply management,September Intake 2025,Other family members or relatives,[AMOUNT_REDACTED],,CLEAN,html,
Re_ Kenya Office - Counsellor Assessment Form - [NAME_REDACTED] - Good - 358543 -.eml[1].eml,358543,[NAME_REDACTED],Good,"Thu, 06 Feb 2025 11:40:21 +0000",Bachelors in discipleship and Leadership 2023 Harvesters Global Training Center Masters in Discipleship and Leadership 2024 Passport in Progress,No KCSE English B- 2012,UK,Masters in Nursing,September Intake 2025,Self Funded,[AMOUNT_REDACTED],,CLEAN,html,
Re_ Kenya Office - Counsellor Assessment Form - [NAME_REDACTED] - Good - 358854 -.eml[1].eml,358854,[NAME_REDACTED],Good,"Thu, 06 Feb 2025 00:10:29 +0000",Diploma in Community Nursing KMTC 2021 Credit No Passport,No KCSE English B+ 2015,UK,Top up Degree in Nursing,September Intake 2025,Self Funded,[AMOUNT_REDACTED],,CLEAN,html,
Re_ Kenya Office - Counsellor Assessment Form - [NAME_REDACTED] - Good - 360770 -.eml[1].eml,360770,[NAME_REDACTED],Good,"Wed, 12 Feb 2025 17:31:53 +0000",KCSE D 2021 Passport [PASSPORT_REDACTED],No KCSE English B-,UK,Degree in Automotive Engineering,May Intake 2025,Parents,[AMOUNT_REDACTED],,CLEAN,html,
Re_ Kenya Office - Counsellor Assessment Form - [NAME_REDACTED] - Good - 360778 -.eml[1].eml,360778,[NAME_REDACTED],Good,"Wed, 12 Feb 2025 17:46:48 +0000",KCSE C- 2024 No Passport,No KCSE English B-,Canada/UK,Degree in Nursing/,May Intake 2025,Parents,[AMOUNT_REDACTED],,CLEAN,html,
Re_ Kenya Office - Counsellor Assessment Form - [NAME_REDACTED] - Good - 360830 -.eml[1].eml,360830,[NAME_REDACTED],Good,"Wed, 12 Feb 2025 17:47:22 +0000",Diploma in Nursing 2018 KMTC Pass Nursing License 2018 Passport in progress,No KCSE English C+ 2013,UK,Top up Degree in Nursing,September Intake 2025,Self Funded,[AMOUNT_REDACTED],,CLEAN,html,
Re_ Kenya Office - Counsellor Assessment Form - [NAME_REDACTED] - Good - 360839 -.eml[1].eml,360839,[NAME_REDACTED],Good,"Wed, 12 Feb 2025 17:47:03 +0000",Diploma in Clinical Medicine and Surgery 2016 Egerton University Credit Passport in progress,No KCSE English B- 2011 MOI,UK,Degree in Nursing/Social Work/Public Health,May Intake 2025,Self Funded,[AMOUNT_REDACTED],,CLEAN,html,
Re_ Kenya Office - Counsellor Assessment Form - [NAME_REDACTED] - Good - 360873 -.eml[1].eml,360873,[NAME_REDACTED],Good,"Wed, 12 Feb 2025 17:46:54 +0000",B.Sc. Medical Laboratory Science Pass JKUAT 2019 Passport [PASSPORT_REDACTED],No KCSE English A-,UK,Masters in Public Health,September Intake 2025,Self Funded,[AMOUNT_REDACTED],,CLEAN,html,
Re_ Kenya Office - Counsellor Assessment Form - [NAME_REDACTED] - Good - 361038 -.eml[1].eml,361038,[NAME_REDACTED],Good,"Tue, 11 Feb 2025 03:30:10 +0000",KCSE 2023,KCSE English B-,UK,Degree in Nursing,September Intake 2025,Parents,[AMOUNT_REDACTED],,CLEAN,html,
Re_ Kenya Office - Counsellor Assessment Form - [NAME_REDACTED] - Good - 364404 -.eml[1].eml,364404,[NAME_REDACTED],Good,"Fri, 21 Feb 2025 09:54:23 +0000",BCOM 2013 Egerton University 2:1 Passport [PASSPORT_REDACTED],No KCSE English B-,UK/Canada,MBA,September Intake 2025,Self Funded,[AMOUNT_REDACTED],,CLEAN,html,
Re_ Kenya Office - Counsellor Assessment Form - [NAME_REDACTED] - Good - 365400 -.eml[1].eml,365400,[NAME_REDACTED],Good,"Thu, 27 Feb 2025 01:23:30 +0000",Diploma in Nutrition and Diatretics Nov 2025 Thika school of Medical Passport in Progress,No KCSE English C 2022,UK,Degree in Nutrition and Diatretics,Jan Intake 2026,Parents,[AMOUNT_REDACTED],,CLEAN,html,
Re_ Kenya Office - Counsellor Assessment Form - [NAME_REDACTED] - Good - 365538 -.eml[1].eml,365538,[NAME_REDACTED],Good,"Wed, 26 Feb 2025 08:22:00 +0000",Diploma in Nursing St Joseph Nyabondo Medical Training College 2022 Nursing License 2022 Passport [PASSPORT_REDACTED],Preparing for OET KCSE English B 2015,UK,Top Up Degree in Nursing,May Intake 2025,Self Funded,[AMOUNT_REDACTED],,CLEAN,html,
Re_ Kenya Office - Counsellor Assessment Form - [NAME_REDACTED] - Good - 365820 -.eml[1].eml,365820,[NAME_REDACTED],Good,"Thu, 27 Feb 2025 01:22:27 +0000",Diploma in Business Management 2015 Kenya Institute of Management Passport 2025- To be renewed,No KCSE English C 2011,UK,Degree in Business Administration Management,September Intake 2025,Other family members or relatives,[AMOUNT_REDACTED],,CLEAN,html,
Re_ Kenya Office - Counsellor Assessment Form - [NAME_REDACTED] - Good - 366823 -.eml[1].eml,366823,[NAME_REDACTED],Good,"Fri, 28 Feb 2025 17:08:46 +0000",Bachelors degree in education science Mathematics and Physics 2024 Kisii University 2:2 Passport [PASSPORT_REDACTED],No KCSE English C 2019,UK,MBA,September Intake 2025,Parents,[AMOUNT_REDACTED],,CLEAN,html,
Fwd_ Assessment form - UK Universities - UK Office - Glen Walter-No- No - September 2025.eml[1].eml,,[COUNSELLOR_ID],,"Mon, 20 Jan 2025 12:56:36 +0000",GCSE or equivalent qualification,,,,,,[AMOUNT_REDACTED],,CHECK,html,
Fwd_ Assessment form - UK Universities - UK Office - Mohamed Omar-No- No - May 2025.eml[1].eml,,[COUNSELLOR_ID],,"Fri, 17 Jan 2025 23:45:53 +0300",Other professional qualifications,,,,,,[AMOUNT_REDACTED],,CHECK,html,
Fwd_ Assessment form - UK Universities - UK Office - Ruth Wanjiru -No- No - May 2025.eml[1].eml,,[COUNSELLOR_ID],,"Fri, 17 Jan 2025 23:46:20 +0300",Other professional qualifications,,,,,,[AMOUNT_REDACTED],,CHECK,html,
Fwd_ Kenya Office - Counsellor Assessment Form - [NAME_REDACTED] - Good - 326376 -.eml[1][1].eml,326376,[NAME_REDACTED],Good,"Thu, 09 Jan 2025 23:39:13 +0000",KCSE C 2022 Passport [PASSPORT_REDACTED],No KCSE English C+,US/UK,Bachelors in Law,May Intake 2025,Other family members or relatives,[AMOUNT_REDACTED],,CLEAN,html,
Fwd_ Kenya Office - Counsellor Assessment Form - [NAME_REDACTED] - Good - 326376 -.eml[2].eml,326376,[NAME_REDACTED],Good,"Thu, 09 Jan 2025 23:40:30 +0000",KCSE C 2021 Passport,No KCSE English C+,UK,LLB,May Intake 2025,Self Funded,[AMOUNT_REDACTED],,CLEAN,html,
Re_ Kenya Office - Counsellor Assessment Form - [NAME_REDACTED] - Excellent - 327051 -.eml[1].eml,327051,[NAME_REDACTED],Excellent,"Mon, 06 Jan 2025 18:13:10 +0000",Bachelors in Forensics Science 2022 KU Pass Passport [PASSPORT_REDACTED],IELTS Overall 7.5 minimum 7.0,UK,Global Crime/Digital Forensics/Criminology & Justice,September Intake 2025,Self Funded,[AMOUNT_REDACTED],,CLEAN,html,
Re_ Kenya Office - Counsellor Assessment Form - [NAME_REDACTED] - Good - 315766 -.eml[1].eml,315766,[NAME_REDACTED],Good,"Mon, 06 Jan 2025 15:34:08 +0300",Bachelors in Business Administration 2014 2:1 Beijing Union University Passport [PASSPORT_REDACTED],IELTS overall 6.5 minimum 6.0,UK/Australia,Masters in Business analytics,Jan Intake 2025,Parents,[AMOUNT_REDACTED],,CLEAN,html,
Re_ Kenya Office - Counsellor Assessment Form - [NAME_REDACTED] - Good - 319833 -.eml[1].eml,319833,[NAME_REDACTED],Good,"Thu, 09 Jan 2025 23:45:18 +0000",KCSE C 2024 Passport in progress,No KCSE English C 2024,UK,Degree in Nursing,September Intake 2025,Parents,[AMOUNT_REDACTED],,CLEAN,html,
Re_ Kenya Office - Counsellor Assessment Form - [NAME_REDACTED] - Good - 325508 -.eml[1].eml,325508,[NAME_REDACTED],Good,"Sat, 04 Jan 2025 01:16:35 +0000",Diploma in Theatre Technician 2023 St Elizabeth School of Nursing Mkumo Passport [PASSPORT_REDACTED],KCSE English C+ 2020,UK,Degree in Nursing,September Intake 2025,Parents,[AMOUNT_REDACTED],,CLEAN,html,
Re_ Kenya Office - Counsellor Assessment Form - [NAME_REDACTED] - Good - 325629 -.eml[1].eml,325629,[NAME_REDACTED],Good,"Sun, 05 Jan 2025 12:47:18 +0000",Diploma in Social Work 2022 RiftValley TTI Pass Passport [PASSPORT_REDACTED],No KCSE English C,UK,Degree in Social work/Public Health,September Intake 2025,Other family members or relatives,[AMOUNT_REDACTED],,CLEAN,html,
Re_ Kenya Office - Counsellor Assessment Form - [NAME_REDACTED] - Good - 325884 -.eml[1].eml,325884,[NAME_REDACTED],Good,"Tue, 24 Dec 2024 16:24:31 +0000",LLB 2020 Strathmore University 2:1 Postgraduate diploma in Law KSL 2022 Passport [PASSPORT_REDACTED],No IGCSE English A,UK/ US,LLM,September Intake 2025,Parents,[AMOUNT_REDACTED],,CLEAN,html,
Re_ Kenya Office - Counsellor Assessment Form - [NAME_REDACTED] - Good - 325985 -.eml[1].eml,325985,[NAME_REDACTED],Good,"Tue, 24 Dec 2024 16:46:19 +0000",Bachelors in Mechanical Engineering 2022 TUK 2:1 Passport [PASSPORT_REDACTED],No KCSE English B+ 2014,UK,MBA,September Intake 2025,Other family members or relatives,[AMOUNT_REDACTED],,CLEAN,html,
Re_ Kenya Office - Counsellor Assessment Form - [NAME_REDACTED] - Good - 326052 -.eml[1].eml,326052,[NAME_REDACTED],Good,"Tue, 24 Dec 2024 16:42:54 +0000",Diploma in Supply and 2023 Kisii University Passport in progress,No KCSE English B 2018,Canada/UK,Degree in Business Management/ Supply Chain,May Intake 2025,Parents,[AMOUNT_REDACTED],,CLEAN,html,
Re_ Kenya Office - Counsellor Assessment Form - [NAME_REDACTED] - Good - 326201 -.eml[1].eml,326201,[NAME_REDACTED],Good,"Tue, 07 Jan 2025 12:17:44 +0000",Masters in Business Administration 2022 UOE Pass Passport 2022,Preparing for IELTS KCSE English C+ 2012,UK,DBA/,May Intake 2025,Self Funded,[AMOUNT_REDACTED],,CLEAN,html,
Re_ Kenya Office - Counsellor Assessment Form - [NAME_REDACTED] - Good - 326209 -.eml[1].eml,326209,[NAME_REDACTED],Good,"Tue, 24 Dec 2024 16:25:05 +0000",KCSE C 2018 Certificate in Nursing KMTC 2022 Passport in progress,No KCSE English C- 2018,,Adult Social Care Programme,May Intake 2025,Parents,[AMOUNT_REDACTED],,CLEAN,html,
Re_ Kenya Office - Counsellor Assessment Form - [NAME_REDACTED] - Good - 326215 -.eml[1].eml,326215,[NAME_REDACTED],Good,"Tue, 24 Dec 2024 16:24:54 +0000",Bachelors in mass communication-Public Relations 2024 JKUAT 2:2 Certificate [ADDRESS_REDACTED]Institute of Technology Passport in progress,Preparing for IELTS,UK,PR/Marketing/Project Management,May Intake 2025,Parents,[AMOUNT_REDACTED],,CLEAN,html,
Re_ Kenya Office - Counsellor Assessment Form - [NAME_REDACTED] - Good - 326222 -.eml[1].eml,326222,[NAME_REDACTED],Good,"Tue, 07 Jan 2025 12:17:28 +0000",KCSE C+ 2023 Passport in progress,No KCSE English B+ 2023,UK,Degree in Nursing,September Intake 2025,Parents,[AMOUNT_REDACTED],,CLEAN,html,
Re_ Kenya Office - Counsellor Assessment Form - [NAME_REDACTED] - Good - 326244 -.eml[1].eml,326244,[NAME_REDACTED],Good,"Thu, 02 Jan 2025 19:45:19 +0000",Diploma in Community Health Nursing Ortum Mission Hospital Pass 2018 Passport [PASSPORT_REDACTED],No KCSE English B 2013,UK/Malaysia,Degree in Nursing,September Intake 2025,Self Funded,[AMOUNT_REDACTED],,CLEAN,html,
Re_ Kenya Office - Counsellor Assessment Form - [NAME_REDACTED] - Good - 326262 -.eml[1].eml,326262,[NAME_REDACTED],Good,"Tue, 07 Jan 2025 12:49:25 +0000",Bachelors of Commerce-Finance 2022 JKUAT 2:2 Passport [PASSPORT_REDACTED],No KCSE English B 2016,UK,Masters in Business Administration/Finance,May Intake 2025,Parents,[AMOUNT_REDACTED],,CLEAN,html,
Re_ Kenya Office - Counsellor Assessment Form - [NAME_REDACTED] - Good - 326268 -.eml[1].eml,326268,[NAME_REDACTED],Good,"Thu, 02 Jan 2025 19:45:04 +0000",KCSE B 2022 No Passport,No KCSE English B-,UK,Bachelors in Radiography and Imaging,May Intake 2025,Parents,[AMOUNT_REDACTED],,CLEAN,html,
Re_ Kenya Office - Counsellor Assessment Form - [NAME_REDACTED] - Good - 326379 -.eml[1].eml,326379,[NAME_REDACTED],Good,"Sun, 05 Jan 2025 12:47:04 +0000",Bachelors in Agricultural Education 2022 UOE 2:1 Post-Gradute Diploma in Education 2024 Distinction Passport [PASSPORT_REDACTED],No KCSE English C 2016,UK,Masters in Curriculum Development/Biology Education,May Intake 2025,Other family members or relatives,[AMOUNT_REDACTED],,CLEAN,html,
Re_ Kenya Office - Counsellor Assessment Form - [NAME_REDACTED] - Good - 326799 -.eml[1].eml,326799,[NAME_REDACTED],Good,"Tue, 24 Dec 2024 16:24:40 +0000",KCSE D 2022 Certificate in Community Health Amref University April 2025 Passport [PASSPORT_REDACTED],No KCSE English C-,UK,Public Health/Adult Social Care Programme,May Intake 2025,Parents,[AMOUNT_REDACTED],,CLEAN,html,
Re_ Kenya Office - Counsellor Assessment Form - [NAME_REDACTED] - Good - 327060 -.eml[1].eml,327060,[NAME_REDACTED],Good,"Tue, 07 Jan 2025 15:31:10 +0000",Bachelors in Applied Statistics 2018 UOE 2:2 Passport [PASSPORT_REDACTED],No KCSE English B+,UK,Msc Business Analytics,May Intake 2025,Self Funded,[AMOUNT_REDACTED],,CLEAN,html,
Re_ Kenya Office - Counsellor Assessment Form - [NAME_REDACTED] - Good - 327174 -.eml[1].eml,327174,[NAME_REDACTED],Good,"Tue, 07 Jan 2025 15:51:31 +0000",KCSE B 2023 Passport in progress,No KCSE English B-,UK/ US,Degree in Nursing,September Intake 2025,Parents,[AMOUNT_REDACTED],,CLEAN,html,
Re_ Kenya Office - Counsellor Assessment Form - [NAME_REDACTED] - Good - 327400 -.eml[1].eml,327400,[NAME_REDACTED],Good,"Thu, 02 Jan 2025 19:44:54 +0000",Bachelors in Computer Science 2022 Moi University 2:1 Passport [PASSPORT_REDACTED],No KCSE English C+,UK,Masters in Information Systems Management,September Intake 2025,Self Funded,[AMOUNT_REDACTED],,CLEAN,html,
Re_ Kenya Office - Counsellor Assessment Form - [NAME_REDACTED] - Good - 327621 -.eml[1].eml,327621,[NAME_REDACTED],Good,"Thu, 09 Jan 2025 23:44:55 +0000",Bachelors in Hospitality Management 2022 UON 2:2 Passport [PASSPORT_REDACTED],IELTS Academic overall 7.5 minimum 7.0,UK,Masters in Hospitality Management,May Intake 2025,Self Funded,[AMOUNT_REDACTED],,CLEAN,html,
Re_ Kenya Office - Counsellor Assessment Form - [NAME_REDACTED] - Good - 327694 -.eml[1].eml,327694,[NAME_REDACTED],Good,"Wed, 08 Jan 2025 17:24:40 +0000",IGSCE O-Level 2023 Math C Bio C Chem C Geo C English D Passport [PASSPORT_REDACTED],Preparing for IELTS,US/UK,Biological Sciences/ Foundation in Nursing,September Intake 2025,Parents,[AMOUNT_REDACTED],,CLEAN,html,
Re_ Kenya Office - Counsellor Assessment Form - [NAME_REDACTED] - Good - 328760 -.eml[1].eml,328760,[NAME_REDACTED],Good,"Thu, 09 Jan 2025 23:44:36 +0000",Bachelors of Education Arts Egerton University 2024 2:1 Passport in Progress,No KCSE English B+ 2019,Canada/ Australia/UK,Masters in Agricultural Geography and Environmental Studies,September Intake 2025,Parents,[AMOUNT_REDACTED],,CLEAN,html,
Re_ Kenya Office - Counsellor Assessment Form - [NAME_REDACTED] - Good - 328803 -.eml[1].eml,328803,[NAME_REDACTED],Good,"Thu, 09 Jan 2025 23:44:27 +0000",Bachelors in Early Childhood Education 2010 KU 2:1 Bachelors in Special Education-English Literature 2023 KU 2:1 Passport [PASSPORT_REDACTED],No KCSE English B 2004,UK,Masters in Special Education,September Intake 2025,Self Funded,[AMOUNT_REDACTED],,CLEAN,html,
Re_ Kenya Office - Counsellor Assessment Form - [NAME_REDACTED] - Good - 329521 -.eml[1].eml,329521,[NAME_REDACTED],Good,"Wed, 08 Jan 2025 17:24:18 +0000",Bachelors in Nursing Kabarak University 2018 Pass Passport [PASSPORT_REDACTED],No KCSE English B 2012,UK,Masters in Nursing,September Intake 2025,Self Funded,[AMOUNT_REDACTED],,CLEAN,html,
Re_ Kenya Office - Counsellor Assessment Form - [NAME_REDACTED] - Good - 330419 -.eml[1].eml,330419,[NAME_REDACTED],Good,"Wed, 08 Jan 2025 17:23:22 +0000",Bachelors in Education Kabarak University 2:2 2016 No Passport,No KCSE English C+ 2012,UK,Masters in Education Psycology,September Intake 2025,Self Funded,[AMOUNT_REDACTED],,CLEAN,html,
Re_ Kenya Office - Counsellor Assessment Form - [NAME_REDACTED] - Good - 331858 -.eml[1].eml,331858,[NAME_REDACTED],Good,"Thu, 09 Jan 2025 23:40:45 +0000",Bachelor of Education(Technology Education- Building & Construction Technology) 2021 UOE 2:1 Passport [PASSPORT_REDACTED],No KCSE English B 2015,UK,Mres in Management/ Engineering,May Intake 2025,Self Funded,[AMOUNT_REDACTED],,CLEAN,html,
Re_ Kenya Office - Counsellor Assessment Form - [NAME_REDACTED] - Good - 334491 -.eml[1].eml,334491,[NAME_REDACTED],Good,"Tue, 14 Jan 2025 17:29:23 +0000",KCSE C 2023 No Passport,KCSE English C,UK,Nutrition and Diatretics,September Intake 2025,Other family members or relatives,[AMOUNT_REDACTED],,CLEAN,html,
Re_ Kenya Office - Counsellor Assessment Form - [NAME_REDACTED] - Good - 334515 -.eml[1].eml,334515,[NAME_REDACTED],Good,"Tue, 14 Jan 2025 17:29:12 +0000",Diploma in Fashion 2024 Vera Beauty and Fashion College Passport [PASSPORT_REDACTED],KCSE English C+ 2019,UK,Bachelors in Fashion,September Intake 2025,Other family members or relatives,[AMOUNT_REDACTED],,CLEAN,html,
Re_ Kenya Office - Counsellor Assessment Form - [NAME_REDACTED] - Good - 334717 -.eml[1].eml,334717,[NAME_REDACTED],Good,"Fri, 17 Jan 2025 11:17:25 +0000",Bachelors of Commerce HRM Egerton University 2016 2:2 Passport [PASSPORT_REDACTED],KCSE English B 2007,UK,Masters in Psycology/ International HRM-MBA,September Intake 2025,Self Funded,[AMOUNT_REDACTED],,CLEAN,html,
Re_ Kenya Office - Counsellor Assessment Form - [NAME_REDACTED] - Good - 334724 -.eml[1].eml,334724,[NAME_REDACTED],Good,"Wed, 15 Jan 2025 14:52:42 +0000",KCSE B 2024 No Passport,No KCSE English A-,UK,Bachelors in Computer Science,September Intake 2025,Parents,[AMOUNT_REDACTED],,CLEAN,html,
Re_ Kenya Office - Counsellor Assessment Form - [NAME_REDACTED] - Good - 334797 -.eml[1].eml,334797,[NAME_REDACTED],Good,"Tue, 14 Jan 2025 17:28:58 +0000",KCSE B+ 2024 No Passport,KCSE English B+,UK,Bachelors in Civil Engineering,September Intake 2025,Parents,[AMOUNT_REDACTED],,CLEAN,html,
Re_ Kenya Office - Counsellor Assessment Form - [NAME_REDACTED] - Good - 334973 -.eml[1].eml,334973,[NAME_REDACTED],Good,"Tue, 14 Jan 2025 17:28:10 +0000",KCSE B- 2024 Passport in progress,KCSE English A,UK,Bachelors in Business Analytics,September Intake 2025,Parents,[AMOUNT_REDACTED],,CLEAN,html,
Re_ Kenya Office - Counsellor Assessment Form - [NAME_REDACTED] - Good - 335203 -.eml[1].eml,335203,[NAME_REDACTED],Good,"Wed, 15 Jan 2025 15:49:26 +0000",Bachelors in Health Services Management 2024 KU First Class honors Passport [PASSPORT_REDACTED],No KCSE English B 2019,Canada/ Australia/France/UK,Msc in Public Health,Jan Intake 2026,Parents,[AMOUNT_REDACTED],,CLEAN,html,
Re_ Kenya Office - Counsellor Assessment Form - [NAME_REDACTED] - Good - 335239 -.eml[1].eml,335239,[NAME_REDACTED],Good,"Wed, 15 Jan 2025 15:47:08 +0000",KCSE D 2018 Passport [PASSPORT_REDACTED],IELTS,UK,Bachelors in Cybersecurity,September Intake 2025,Parents,[AMOUNT_REDACTED],,CLEAN,html,
Re_ Kenya Office - Counsellor Assessment Form - [NAME_REDACTED] - Good - 335276 -.eml[1].eml,335276,[NAME_REDACTED],Good,"Wed, 15 Jan 2025 15:46:58 +0000",KCSE B 2024 Passport [PASSPORT_REDACTED],No KCSE English A-,UK/Canada,Degree in Nursing,September Intake 2025,Parents,[AMOUNT_REDACTED],,CLEAN,html,
Re_ Kenya Office - Counsellor Assessment Form - [NAME_REDACTED] - Good - 335302 -.eml[1].eml,335302,[NAME_REDACTED],Good,"Thu, 16 Jan 2025 17:09:20 +0000",KCSE C 2024 Passport [PASSPORT_REDACTED],No KCSE English C+,UK,Degree in Nursing,September Intake 2025,Parents,[AMOUNT_REDACTED],,CLEAN,html,
Re_ Kenya Office - Counsellor Assessment Form - [NAME_REDACTED] - Good - 335307 -.eml[1].eml,335307,[NAME_REDACTED],Good,"Thu, 16 Jan 2025 17:28:33 +0000",KCSE C+ 2024 Passport [PASSPORT_REDACTED],No KCSE English B,UK,Degree in Nursing,September Intake 2025,Parents,[AMOUNT_REDACTED],,CLEAN,html,
Re_ Kenya Office - Counsellor Assessment Form - [NAME_REDACTED] - Good - 335323 -.eml[1].eml,335323,[NAME_REDACTED],Good,"Wed, 15 Jan 2025 15:46:33 +0000",KCSE C 2023 Passport in Progress,KCSE English B-,UK,Bachelors in Graphic and Design,September Intake 2025,Parents,[AMOUNT_REDACTED],,CLEAN,html,
Re_ Kenya Office - Counsellor Assessment Form - [NAME_REDACTED] - Good - 335751 -.eml[1].eml,335751,[NAME_REDACTED],Good,"Fri, 17 Jan 2025 11:16:27 +0000",KCSE B- 2023 [PASSPORT_REDACTED],Duolingo 145 minimum,US/UK,Degree in Nursing,September Intake 2025,Parents,[AMOUNT_REDACTED],,CLEAN,html,
Fwd_ Assessment form - UK Universities - UK Office - [NAME_REDACTED] Ochieng-No- No - September 2025.eml[1].eml,,[COUNSELLOR_ID],,"Wed, 26 Mar 2025 09:29:53 +0300",A level or equivalent qualification,,,,,,[AMOUNT_REDACTED],,CHECK,html,
Fwd_ Assessment form - UK Universities - UK Office - Martin Mureithi-No- No - September 2025.eml[1].eml,,[COUNSELLOR_ID],,"Tue, 01 Apr 2025 14:25:57 +0300",A level or equivalent qualification,,,,,,[AMOUNT_REDACTED],,CHECK,html,
Fwd_ Assessment form - UK Universities - UK Office - Momanyi Kennedy Mang'ana -No- No - September 2025.eml[1].eml,,[COUNSELLOR_ID],,"Tue, 25 Mar 2025 15:53:11 +0000",GCSE or equivalent qualification,,,,,,[AMOUNT_REDACTED],,CHECK,html,
Fwd_ Kenya Office - Counsellor Assessment Form - [NAME_REDACTED] - Good - 366701 -.eml[1].eml,366701,[NAME_REDACTED],Good,"Fri, 04 Apr 2025 17:43:47 +0100",Degree supply and procurement 2024,C,UK,Business Administration,sept 2025,Self Funded,[AMOUNT_REDACTED],,CLEAN,html,
Fwd_ Kenya Office - Counsellor Assessment Form - [NAME_REDACTED] - Good - 369614 -.eml[1].eml,369614,[NAME_REDACTED],Good,"Mon, 17 Mar 2025 16:18:51 +0300","Degree in Clinical Medicine, 2024","B, no IELTS",UK,Nursing msc,sept 2025,Self Funded,[AMOUNT_REDACTED],,CLEAN,html,
Fwd_ Kenya Office - Counsellor Assessment Form - [NAME_REDACTED] - Excellent - 369649 -.eml[1].eml,369649,[NAME_REDACTED],Excellent,"Thu, 13 Mar 2025 14:24:50 +0300",Bachelors in International Relations 2022 USIU GPA 2.52 Passport [PASSPORT_REDACTED],No KCSE English C+ 2016,UK,Masters in Public Policy/International Relations,September Intake 2025,Parents,[AMOUNT_REDACTED],,CLEAN,html,
Fwd_ Kenya Office - Counsellor Assessment Form - [NAME_REDACTED] - Excellent - 375561 -.eml[1].eml,375561,[NAME_REDACTED],Excellent,"Sat, 05 Apr 2025 14:27:15 +0300",Diploma in Nursing 2017 AIC KMTC Pass Nursing License available Passport [PASSPORT_REDACTED],No KCSE English C,UK,Bsc in Nursing(top up),September Intake 2025,Parents,[AMOUNT_REDACTED],,CLEAN,html,
Fwd_ Kenya Office - Counsellor Assessment Form - [NAME_REDACTED] - Excellent - 375568 -.eml[1].eml,375568,[NAME_REDACTED],Excellent,"Fri, 04 Apr 2025 18:41:53 +0300",Diploma in Water Engineering 2019 KWI Pass Passport [PASSPORT_REDACTED],No KCSE English B- 2015,UK,Bsc Environmental Science,September 2025,Parents,[AMOUNT_REDACTED],,CLEAN,html,
Fwd_ Kenya Office - Counsellor Assessment Form - [NAME_REDACTED] - Excellent - 375853 -.eml[1].eml,375853,[NAME_REDACTED],Excellent,"Thu, 03 Apr 2025 11:07:15 +0300",Diploma in Nursing 2022 Pass KTMC Passport [PASSPORT_REDACTED],No KCSE English C+ 2016,UK,Top Up-Nursing,May Intake 2025,Parents,[AMOUNT_REDACTED],,CLEAN,html,
Fwd_ Kenya Office - Counsellor Assessment Form - [NAME_REDACTED] - Excellent - 381755 -.eml[1].eml,381755,[NAME_REDACTED],Excellent,"Sat, 26 Apr 2025 13:09:42 +0300",Bachelors in Electrical Engineering Derbercen-Hungary 2021 GPA 4.1/5 Passport [PASSPORT_REDACTED],No KCSE English B 2015,UK,Masters in Sustainable Engineering,September 2025,Parents,[AMOUNT_REDACTED],,CLEAN,html,
Fwd_ Kenya Office - Counsellor Assessment Form - [NAME_REDACTED] - Good - 368219 -.eml[1].eml,368219,[NAME_REDACTED],Good,"Thu, 06 Mar 2025 00:58:53 +0300",Bachelors in Economics and Statistics UON 2021 2:1 Passport [PASSPORT_REDACTED],No KCSE English A- 2015,UK,Masters in Micro-economics/Econometrics,September Intake 2025,Self Funded,[AMOUNT_REDACTED],,CLEAN,html,
Fwd_ Kenya Office - Counsellor Assessment Form - [NAME_REDACTED] - Good - 368288 -.eml[1].eml,368288,[NAME_REDACTED],Good,"Thu, 06 Mar 2025 01:01:54 +0300",Diploma in Nursing 2023 KMTC Pass Passport [PASSPORT_REDACTED],No KCSE English B-,UK,Degree in Nursing,September Intake 2025,Self Funded,[AMOUNT_REDACTED],,CLEAN,html,
Fwd_ Kenya Office - Counsellor Assessment Form - [NAME_REDACTED] - Good - 368492 -.eml[1].eml,368492,[NAME_REDACTED],Good,"Thu, 06 Mar 2025 01:04:57 +0300",KCSE B+ 2023 Passport [PASSPORT_REDACTED],Preparing for SAT KCSE English B,US/UK,Degree in Nursing,September Intake 2025,Parents,[AMOUNT_REDACTED],,CLEAN,html,
Fwd_ Kenya Office - Counsellor Assessment Form - [NAME_REDACTED] - Good - 368539 -.eml[1].eml,368539,[NAME_REDACTED],Good,"Thu, 06 Mar 2025 00:56:31 +0300",Diploma in Aeronautical Engineering Aviation College-KNEC 2007 Passport [PASSPORT_REDACTED],No KCSE English C+ 2003,UK,Project Management/Air Ceptic/Aviation Management,September Intake 2025,Self Funded,[AMOUNT_REDACTED],,CLEAN,html,
Fwd_ Kenya Office - Counsellor Assessment Form - [NAME_REDACTED] - Good - 369314 -.eml[1].eml,369314,[NAME_REDACTED],Good,"Fri, 14 Mar 2025 10:43:06 +0300",Bachelors in Oral Health 2024 MKU Pass GPA No Passport,No KCSE English B- 2018,UK,Masters in Oral Health/Public Health,September Intake 2025,Parents,[AMOUNT_REDACTED],,CLEAN,html,
Fwd_ Kenya Office - Counsellor Assessment Form - [NAME_REDACTED] - Good - 369477 -.eml[1].eml,369477,[NAME_REDACTED],Good,"Thu, 13 Mar 2025 14:24:06 +0300",KCSE C- 2013 Passport in progress,Preparing for IELTS,UK,Heath Management- Nutrition/Business,May Intake 2025,Self Funded,[AMOUNT_REDACTED],,CLEAN,html,
Fwd_ Kenya Office - Counsellor Assessment Form - [NAME_REDACTED] - Good - 369608 -.eml[1].eml,369608,[NAME_REDACTED],Good,"Mon, 17 Mar 2025 16:00:59 +0300",Bachelors in Education 2016 KU 2:2 Passport [PASSPORT_REDACTED],No KCSE English C+ 2012,UK,MBA/ Masters in Education,September Intake 2025,Self Funded,[AMOUNT_REDACTED],,CLEAN,html,
Fwd_ Kenya Office - Counsellor Assessment Form - [NAME_REDACTED] - Good - 369695 -.eml[1].eml,369695,[NAME_REDACTED],Good,"Thu, 13 Mar 2025 14:25:08 +0300",Diploma in customs administration 2024 KSRA Credit Passport in Progress,No KCSE English B- 2021,UK,Bsc Business Management,May Intake 2025/September Intake 2025,Parents,[AMOUNT_REDACTED],,CLEAN,html,
Fwd_ Kenya Office - Counsellor Assessment Form - [NAME_REDACTED] - Good - 369807 -.eml[1].eml,369807,[NAME_REDACTED],Good,"Wed, 26 Mar 2025 17:02:55 +0300",KCSE C+ 2024 Maths C Chemistry C- Bio C Physics C History B+ Passport [PASSPORT_REDACTED],No KCSE English C+,UK,LLB,September Intake 2025,Parents,[AMOUNT_REDACTED],,CLEAN,html,
Fwd_ Kenya Office - Counsellor Assessment Form - [NAME_REDACTED] - Good - 369808 -.eml[1].eml,369808,[NAME_REDACTED],Good,"Tue, 18 Mar 2025 12:08:15 +0300",Certificate in Software Engineering 2024 Pass KCSE D 2021 Passport in progress,Preparing for IELTS KCSE English,UK,Bsc in Software Engineering-Robotics,September Intake 2025,Parents,[AMOUNT_REDACTED],,CLEAN,html,
Fwd_ Kenya Office - Counsellor Assessment Form - [NAME_REDACTED] - Good - 369873 -.eml[1].eml,369873,[NAME_REDACTED],Good,"Tue, 18 Mar 2025 12:08:28 +0300",Bachelors in Education 2022 CUEA 2:2 Passport [PASSPORT_REDACTED],No KCSE English C+ 2015,UK,Masters in Education/ Masters in International Business,September Intake 2025,Self Funded,[AMOUNT_REDACTED],,CLEAN,html,
Fwd_ Kenya Office - Counsellor Assessment Form - [NAME_REDACTED] - Good - 374564 -.eml[1].eml,374564,[NAME_REDACTED],Good,"Thu, 10 Apr 2025 18:09:40 +0300",Diploma in Business Administration 2010 KIMS Passport [PASSPORT_REDACTED],No KCSE English C 2007,UK,Adult social care programme,September 2025,Self Funded,[AMOUNT_REDACTED],,CLEAN,html,
Fwd_ Kenya Office - Counsellor Assessment Form - [NAME_REDACTED] - Good - 374768 -.eml[1].eml,374768,[NAME_REDACTED],Good,"Wed, 26 Mar 2025 17:03:12 +0300",KCSE C- 2024 Passport [PASSPORT_REDACTED],Duolingo KCSE English C,UK,Bsc in Hospitality Management,September Intake 2025,Parents,[AMOUNT_REDACTED],,CLEAN,html,
Fwd_ Kenya Office - Counsellor Assessment Form - [NAME_REDACTED] - Good - 375006 -.eml[1].eml,375006,[NAME_REDACTED],Good,"Fri, 28 Mar 2025 18:34:36 +0300",KCSE C- 2023 Passport in progress,No KCSE English D,UK,General Agriculture,September Intake 2025,Parents,[AMOUNT_REDACTED],,CLEAN,html,
Fwd_ Kenya Office - Counsellor Assessment Form - [NAME_REDACTED] - Good - 375067 -.eml[1].eml,375067,[NAME_REDACTED],Good,"Wed, 26 Mar 2025 18:05:16 +0300",Bachelor of commerce 2021 Kabarak University 2:1 Passport [PASSPORT_REDACTED],No KCSE English B 2015,UK,MBA,May Intake 2025,Other family members or relatives,[AMOUNT_REDACTED],,CLEAN,html,
Fwd_ Kenya Office - Counsellor Assessment Form - [NAME_REDACTED] - Good - 375077 -.eml[1].eml,375077,[NAME_REDACTED],Good,"Wed, 26 Mar 2025 18:05:03 +0300",Diploma in IT 2022 Utalii College Merit Maths D Chemistry D Bio D History B Computer C+ CRE B Passport [PASSPORT_REDACTED],No KCSE English C 2019,UK,Bsc Social Work/IT,September Intake 2025,Other family members or relatives,[AMOUNT_REDACTED],,CLEAN,html,
Fwd_ Kenya Office - Counsellor Assessment Form - [NAME_REDACTED] - Good - 375180 -.eml[1].eml,375180,[NAME_REDACTED],Good,"Fri, 28 Mar 2025 18:28:19 +0300",KCSE D+ 2022 Passport [PASSPORT_REDACTED],No KCSE English C-,UK,International Relations,September Intake 2025,Parents,[AMOUNT_REDACTED],,CLEAN,html,
Fwd_ Kenya Office - Counsellor Assessment Form - [NAME_REDACTED] - Good - 375344 -.eml[1].eml,375344,[NAME_REDACTED],Good,"Sat, 29 Mar 2025 05:36:35 +0000",KCSE C+ 2022 [PASSPORT_REDACTED],No KCSE English B+,UK,Foundation in Business Management,May Intake 2025,Parents,[AMOUNT_REDACTED],,CLEAN,html,
Fwd_ Kenya Office - Counsellor Assessment Form - [NAME_REDACTED] - Good - 375665 -.eml[1].eml,375665,[NAME_REDACTED],Good,"Wed, 09 Apr 2025 18:21:50 +0300",Bachelors in Computer Science Moi University 2011 2:2 Passport [PASSPORT_REDACTED],No KCSE English C+ 2005,UK,Masters in Cyber Security,September Intake 2025,Company sponson,[AMOUNT_REDACTED],,CLEAN,html,
Fwd_ Kenya Office - Counsellor Assessment Form - [NAME_REDACTED] - Good - 375807 -.eml[1].eml,375807,[NAME_REDACTED],Good,"Wed, 02 Apr 2025 18:39:07 +0300",KCSE C+ 2024 Passport [PASSPORT_REDACTED],No KCSE English C,UK,IT/AI,September 2025,Parents,[AMOUNT_REDACTED],,CLEAN,html,
Fwd_ Kenya Office - Counsellor Assessment Form - [NAME_REDACTED] - Good - 375831 -.eml[1].eml,375831,[NAME_REDACTED],Good,"Tue, 01 Apr 2025 18:53:51 +0300",Diploma in IT 2015 Bachelors in IT 2022 4th Year- Missing Marks 2nd Year JKUAT Passport [PASSPORT_REDACTED],No KCSE English C- 2007,UK,Cyber Security,September 2025,Other family members or relatives,[AMOUNT_REDACTED],,CLEAN,html,
Fwd_ Kenya Office - Counsellor Assessment Form - [NAME_REDACTED] - Good - 375933 -.eml[1].eml,375933,[NAME_REDACTED],Good,"Fri, 04 Apr 2025 13:16:25 +0300",KCSE C 2023 No passport,No KCSE English C,UK,BA in Mass Media,September 2025,Self Funded,[AMOUNT_REDACTED],,CLEAN,html,
Fwd_ Kenya Office - Counsellor Assessment Form - [NAME_REDACTED] - Good - 375972 -.eml[1].eml,375972,[NAME_REDACTED],Good,"Mon, 14 Apr 2025 14:57:37 +0300",Bachelors in Business Management 2009 2:2 Moi University Passport [PASSPORT_REDACTED],No KCSE English C 2003,UK,MBA,Jan Intake 2026,Parents,[AMOUNT_REDACTED],,CLEAN,html,
Fwd_ Kenya Office - Counsellor Assessment Form - [NAME_REDACTED] - Good - 376049 -.eml[1].eml,376049,[NAME_REDACTED],Good,"Fri, 11 Apr 2025 17:22:17 +0300",Bachelors in IR and Political Science 1year 2020 Makerere A-levels 12/20 [PASSPORT_REDACTED],IELTS Academic 6.5 minimum 5.5 2024,UK,Computer science,September 2025,Parents,[AMOUNT_REDACTED],,CLEAN,html,
Fwd_ Kenya Office - Counsellor Assessment Form - [NAME_REDACTED] - Good - 383116 -.eml[1].eml,383116,[NAME_REDACTED],Good,"Mon, 28 Apr 2025 18:01:55 +0300",KCSE B- 2024 Passport in progress,IELTS Overall 6.0 minimum 6.0,UK,Film and Media Studies,September Intake 2025,Parents,[AMOUNT_REDACTED],,CLEAN,html,
Fwd_ EDIT_ Re_ Kenya Office - Counsellor Assessment Form - [NAME_REDACTED] - Good - 320756 -.eml[1].eml,320756,[NAME_REDACTED],Good,"Mon, 09 Dec 2024 13:24:40 +0000",Masters in Veterinary Medicine 2024 Wroclaw University-Poland Passport [PASSPORT_REDACTED],No KCSE English B+ 2014 MOE,UK,Masters in Veterinary Medicine/Animal Sciences,September Intake 2025,Self Funded,[AMOUNT_REDACTED],,CLEAN,html,
Fwd_ Pre-Application Assessment form - UK - Annette Sally Aluoch - Yes - No - Jan 2025.eml[1].eml,,[COUNSELLOR_ID],,"Tue, 03 Dec 2024 16:08:54 +0000",Other professional qualifications,,,,,,[AMOUNT_REDACTED],,CHECK,html,
Fwd_ Pre-Application Assessment form - UK - Kipsang Abraham - No - No - Jan 2025.eml[1].eml,,[COUNSELLOR_ID],,"Tue, 03 Dec 2024 16:08:29 +0000",Bachelor's degree or equivalent qualification,,,,,,[AMOUNT_REDACTED],,CHECK,html,
Fwd_ Pre-Application Assessment form - UK - Martha Onkware - Yes - Yes - Jan 2025.eml[1].eml,,[COUNSELLOR_ID],,"Tue, 03 Dec 2024 12:23:40 +0300",A level or equivalent qualification,,,,,,[AMOUNT_REDACTED],,CHECK,html,
Fwd_ Pre-Application Assessment form - UK - Michael Kandalo - Yes - Yes - Jan 2025.eml[1].eml,,[COUNSELLOR_ID],,"Mon, 18 Nov 2024 18:58:00 +0000",GCSE or equivalent qualification,,,,,,[AMOUNT_REDACTED],,CHECK,html,
Re_ Kenya Office - Counsellor Assessment Form - [NAME_REDACTED] - Excellent - 315351 -.eml[1].eml,315351,[NAME_REDACTED],Excellent,"Sun, 17 Nov 2024 02:38:01 +0000",Bachelors in Occupational Therapy JKUAT 2016 Pass Passport [PASSPORT_REDACTED],IELTS General 6.5 overall 6.5minimum,UK,,Jan Intake 2025,Self Funded,[AMOUNT_REDACTED],,CLEAN,html,
Re_ Kenya Office - Counsellor Assessment Form - [NAME_REDACTED] - Excellent - 316702 -.eml[1].eml,316702,[NAME_REDACTED],Excellent,"Thu, 21 Nov 2024 10:17:08 +0000",Bachelor of Medicine and Surgery 2016 UON 2016 Passport [PASSPORT_REDACTED],No KCSE English A- 2013,UK,Masters in Internal Medicine,May Intake 2025,Parents,[AMOUNT_REDACTED],,CLEAN,html,
Re_ Kenya Office - Counsellor Assessment Form - [NAME_REDACTED] - Good - -.eml[1].eml,,[NAME_REDACTED],Good,"Mon, 09 Dec 2024 16:10:14 +0300",Masters in Veterinary Medicine 2024 Wroclaw University-Poland Passport [PASSPORT_REDACTED],No KCSE English B+ 2014 MOE,UK,Masters in Veterinary Medicine/Animal Sciences,September Intake 2025,Self Funded,[AMOUNT_REDACTED],,CHECK,html,
Re_ Kenya Office - Counsellor Assessment Form - [NAME_REDACTED] - Good - 314951 -.eml[1].eml,314951,[NAME_REDACTED],Good,"Fri, 15 Nov 2024 16:19:01 +0000",Bachelors in Education Science 1997 Moi University 2:1 Masters in Biotechnology 2016,IELTS General,UK,Masters(Conversion) in Nursing,September Intake 2025,Self Funded,[AMOUNT_REDACTED],,CLEAN,html,
Re_ Kenya Office - Counsellor Assessment Form - [NAME_REDACTED] - Good - 314971 -.eml[1].eml,314971,[NAME_REDACTED],Good,"Fri, 15 Nov 2024 12:20:49 +0000",Diploma in Secretarial studies Rift Valley TTI 2019 Pass Passport in progress,No KCSE English C+ 2013,UK,Buiness Managegement /Human Resources,May Intake 2025,Self Funded,[AMOUNT_REDACTED],,CLEAN,html,
Re_ Kenya Office - Counsellor Assessment Form - [NAME_REDACTED] - Good - 315337 -.eml[1].eml,315337,[NAME_REDACTED],Good,"Sun, 17 Nov 2024 02:38:11 +0000",Diploma in Co-operative Management 2024 African Institute of Research and Development studies Passport [PASSPORT_REDACTED],No KCSE English B- 2018,US/UK,Degree Financial Accounting,May Intake 2025,Self Funded,[AMOUNT_REDACTED],,CLEAN,html,
Re_ Kenya Office - Counsellor Assessment Form - [NAME_REDACTED] - Good - 315364 -.eml[1].eml,315364,[NAME_REDACTED],Good,"Sun, 17 Nov 2024 02:37:40 +0000",Bachelors in Geospacial Engineering 2021 UON 2:2 Passport [PASSPORT_REDACTED],No KCSE English A 2014,UK,Msc in Data Science,September Intake 2025,Self Funded,[AMOUNT_REDACTED],,CLEAN,html,
Re_ Kenya Office - Counsellor Assessment Form - [NAME_REDACTED] - Good - 315405 -.eml[1].eml,315405,[NAME_REDACTED],Good,"Fri, 15 Nov 2024 17:13:43 +0000",Diploma in Civil Engineering TUM 2021 Pass Passport In Progress,No KCSE English C,Canada/UK,Bachelors in Civil Engineering,September Intake 2025,Self Funded,[AMOUNT_REDACTED],,CLEAN,html,
Re_ Kenya Office - Counsellor Assessment Form - [NAME_REDACTED] - Good - 315705 -.eml[1].eml,315705,[NAME_REDACTED],Good,"Thu, 21 Nov 2024 17:19:06 +0000",Bachelors in IT Makerere University 2015 2:2 Passport [PASSPORT_REDACTED],IELTS Academic overall 7.0 minimum 7.0 2024,Australia/UK,Masters in CyberSecurity / Data Analytics,May Intake 2025,Self Funded,[AMOUNT_REDACTED],,CLEAN,html,
Re_ Kenya Office - Counsellor Assessment Form - [NAME_REDACTED] - Good - 315785 -.eml[1].eml,315785,[NAME_REDACTED],Good,"Tue, 19 Nov 2024 15:36:21 +0000",Bachelors in Public Communitions studies-PR 2003 Maseno University No passport,No KCSE English A-,UK/US,Masters in Communication Studies,May Intake 2025,Self Funded,[AMOUNT_REDACTED],,CLEAN,html,
Re_ Kenya Office - Counsellor Assessment Form - [NAME_REDACTED] - Good - 315786 -.eml[1].eml,315786,[NAME_REDACTED],Good,"Thu, 21 Nov 2024 17:33:39 +0000",Diploma in Law Kisii University 2023 Credit Passport [PASSPORT_REDACTED],No KCSE English B- 2020,Australia/US/UK,LLB,Jan Intake 2025,Parents,[AMOUNT_REDACTED],,CLEAN,html,
Re_ Kenya Office - Counsellor Assessment Form - [NAME_REDACTED] - Good - 316200 -.eml[1].eml,316200,[NAME_REDACTED],Good,"Tue, 19 Nov 2024 17:59:34 +0000",KCSE D 2022 Passport [PASSPORT_REDACTED],No KCSE English C-,Australia/UK,Automotive Engineering,September Intake 2025,Self Funded,[AMOUNT_REDACTED],,CLEAN,html,
Re_ Kenya Office - Counsellor Assessment Form - [NAME_REDACTED] - Good - 316217 -.eml[1].eml,316217,[NAME_REDACTED],Good,"Wed, 20 Nov 2024 16:03:12 +0000",KCSE C- 2023 Passport [PASSPORT_REDACTED],IELTS overall 5.5 minimum 4.5 KCSE English C-,Australia/UK,Degree in Pharmacy,May Intake 2025,Parents,[AMOUNT_REDACTED],,CLEAN,html,
Re_ Kenya Office - Counsellor Assessment Form - [NAME_REDACTED] - Good - 316274 -.eml[1].eml,316274,[NAME_REDACTED],Good,"Tue, 19 Nov 2024 17:12:39 +0000",KCSE C- 2022 Passport [PASSPORT_REDACTED],Preparing for IELTS KCSE English C-,Australia/UK,Degree in Nursing,September Intake 2025,Parents,[AMOUNT_REDACTED],,CLEAN,html,
Re_ Kenya Office - Counsellor Assessment Form - [NAME_REDACTED] - Good - 316747 -.eml[1].eml,316747,[NAME_REDACTED],Good,"Fri, 22 Nov 2024 16:23:23 +0000",KCSE C- 2020 No passport,No KCSE English C 2020,Canada/UK,Degree in IT,September Intake 2025,Parents,[AMOUNT_REDACTED],,CLEAN,html,
Re_ Kenya Office - Counsellor Assessment Form - [NAME_REDACTED] - Good - 316861 -.eml[1].eml,316861,[NAME_REDACTED],Good,"Fri, 22 Nov 2024 17:43:33 +0000",Diploma in Health Records and IT 2024 KMTC Pass Passport [PASSPORT_REDACTED],IELTS Academic overall 5.5 minimum 5.0 KCSE English C 2018,UK,Degree in Health-IT,May Intake 2025,Parents,[AMOUNT_REDACTED],,CLEAN,html,
Re_ Kenya Office - Counsellor Assessment Form - [NAME_REDACTED] - Good - 318531 -.eml[1].eml,318531,[NAME_REDACTED],Good,"Mon, 02 Dec 2024 02:47:23 +0000",Bachelors in Medical Laboratory Cells 2024 Alupe University Passport in progress,No KCSE English B 2019,UK,Masters in MicroBiology/Hematology,September Intake 2025,Self Funded,[AMOUNT_REDACTED],,CLEAN,html,
Re_ Kenya Office - Counsellor Assessment Form - [NAME_REDACTED] - Good - 318534 -.eml[1].eml,318534,[NAME_REDACTED],,"Tue, 26 Nov 2024 09:31:32 +0000",Bachelors in Civil Engineering UON 2024 2:2 Passport [PASSPORT_REDACTED],No KCSE English B+ 2018,UK,Masters in Civil Engineering/ Construction Management,September Intake 2025,,3-[AMOUNT_REDACTED] p.a,,CHECK,html,
Re_ Kenya Office - Counsellor Assessment Form - [NAME_REDACTED] - Good - 318577 -.eml[1].eml,318577,[NAME_REDACTED],Good,"Tue, 26 Nov 2024 09:31:03 +0000",Bachelors in Agribusiness Management 2017 2:1 Egerton University Passport [PASSPORT_REDACTED],No KCSE English B+ 2012,UK,PG in Business Management/ Project Management,May Intake 2025,Self Funded,[AMOUNT_REDACTED],,CLEAN,html,
Re_ Kenya Office - Counsellor Assessment Form - [NAME_REDACTED] - Good - 319381 -.eml[1].eml,319381,[NAME_REDACTED],Good,"Mon, 02 Dec 2024 12:17:56 +0000",Diploma in Nursing 2016 Moi Teaching and Referral Hospital Passport [PASSPORT_REDACTED],No KCSE English C+ 2012,UK,Degree in Nursing,September Intake 2025,Parents,[AMOUNT_REDACTED],,CLEAN,html,
Re_ Kenya Office - Counsellor Assessment Form - [NAME_REDACTED] - Good - 319810 -.eml[1].eml,319810,[NAME_REDACTED],Good,"Fri, 29 Nov 2024 17:15:41 +0000",KCSE D- 2007 Diploma in Telecommunication Engineering 2010,No KCSE English C+ 2007,UK,Degree in Sales and Marketing,May Intake 2025,Self Funded,[AMOUNT_REDACTED],,CLEAN,html,
Re_ Kenya Office - Counsellor Assessment Form - [NAME_REDACTED] - Good - 319812 -.eml[1].eml,319812,[NAME_REDACTED],Good,"Fri, 29 Nov 2024 17:15:34 +0000",Bachelors in Education Science 2016 Moi University 2:2 Passport [PASSPORT_REDACTED],No KCSE English D+ 2007,UK,Masters in Psycology/Leadership Management,September Intake 2025,Self Funded,[AMOUNT_REDACTED],,CLEAN,html,
Re_ Kenya Office - Counsellor Assessment Form - [NAME_REDACTED] - Good - 319848 -.eml[1].eml,319848,[NAME_REDACTED],Good,"Fri, 29 Nov 2024 17:15:07 +0000",KCSE B 2023 KCSE 2024 Passport in progress,No KCSE English C+,UK,Degree in Nursing,September Intake 2025,Parents,[AMOUNT_REDACTED],,CLEAN,html,
Re_ Kenya Office - Counsellor Assessment Form - [NAME_REDACTED] - Good - 320204 -.eml[1].eml,320204,[NAME_REDACTED],Good,"Mon, 02 Dec 2024 16:18:14 +0000",KCSE B+ 2022 Passport [PASSPORT_REDACTED],IELTS overall 7.0 minimum 6.5,UK,Degree in Architecture,May Intake 2025,Parents,[AMOUNT_REDACTED],,CLEAN,html,
Re_ Kenya Office - Counsellor Assessment Form - [NAME_REDACTED] - Good - 320381 -.eml[1].eml,320381,[NAME_REDACTED],Good,"Mon, 02 Dec 2024 16:18:26 +0000",Bachelors in public health 2014 JKUAT pass Passport [PASSPORT_REDACTED],No KCSE English C 1997,Canada/UK,Masters in Public Health/ Health administration,May Intake 2025,Self Funded,[AMOUNT_REDACTED],,CLEAN,html,
Re_ Kenya Office - Counsellor Assessment Form - [NAME_REDACTED] - Good - 320439 -.eml[1].eml,320439,[NAME_REDACTED],Good,"Mon, 02 Dec 2024 15:45:47 +0000",Bachelors in Electrical engineering 2019 TUM 2:1 Passport in progress,No KCSE English A,UK,Masters Energy Engineering,September Intake 2025,Self Funded,[AMOUNT_REDACTED],,CLEAN,html,
Re_ Kenya Office - Counsellor Assessment Form - [NAME_REDACTED] - Good - 320444 -.eml[1].eml,320444,[NAME_REDACTED],Good,"Mon, 02 Dec 2024 15:46:23 +0000",Bachelors in Law Moi University 2004 2:2 Passport [PASSPORT_REDACTED],No KCSE English B,UK,LLM,September Intake 2025,Self Funded,[AMOUNT_REDACTED],,CLEAN,html,
Re_ Kenya Office - Counsellor Assessment Form - [NAME_REDACTED] - Good - 320486 -.eml[1].eml,320486,[NAME_REDACTED],Good,"Wed, 04 Dec 2024 15:27:38 +0000",MBA KU 2015 Passport [PASSPORT_REDACTED],"IELTS overall 7.5, minimum 7.0 2023",UK,Masters in Digital Marketing/Business Analytics,May Intake 2025,Self Funded,[AMOUNT_REDACTED],,CLEAN,html,
Re_ Kenya Office - Counsellor Assessment Form - [NAME_REDACTED] - Good - 320742 -.eml[1].eml,320742,[NAME_REDACTED],Good,"Mon, 09 Dec 2024 12:05:23 +0000",Diploma in Nursing KMTC 2018 Pass Passport in progress,No KCSE English C+ 2013,Australia/UK,Degree in Nursing,September Intake 2025,Self Funded,[AMOUNT_REDACTED],,CLEAN,html,
Re_ Kenya Office - Counsellor Assessment Form - [NAME_REDACTED] - Good - 325139 -.eml[1].eml,325139,[NAME_REDACTED],Good,"Tue, 17 Dec 2024 10:35:07 +0000",A-levels Maths D Geography A Physics C Chemistry D 2024 Passport [PASSPORT_REDACTED],IGSCE English score 8 2022,UK/Germany,Mechanical Engineering,May Intake 2025/September Intake 2025,Parents,[AMOUNT_REDACTED],,CLEAN,html,
Re_ Kenya Office - Counsellor Assessment Form - [NAME_REDACTED] - Good - 325663 -.eml[1].eml,325663,[NAME_REDACTED],Good,"Tue, 24 Dec 2024 11:34:45 +0000",KCSE C- 2021 Passport [PASSPORT_REDACTED],TOEFL 57,UK,Bachelors in Business Management,May Intake 2025,Parents,[AMOUNT_REDACTED],,CLEAN,html,
Re_ Kenya Office - Counsellor Assessment Form - [NAME_REDACTED] - Good - 325884 -.eml[1].eml,325884,[NAME_REDACTED],Good,"Tue, 24 Dec 2024 16:24:31 +0000",LLB 2020 Strathmore University 2:1 Postgraduate diploma in Law KSL 2022 Passport [PASSPORT_REDACTED],No IGCSE English A,UK/ US,LLM,September Intake 2025,Parents,[AMOUNT_REDACTED],,CLEAN,html,
Re_ Kenya Office - Counsellor Assessment Form - [NAME_REDACTED] - Good - 325967 -.eml[1].eml,325967,[NAME_REDACTED],Good,"Tue, 24 Dec 2024 02:11:58 +0000",Diploma in Software Engineering Moringa School 2024 KCSE B- 2022 Passport [PASSPORT_REDACTED],Preparing for IELTS,UK,Degree in Software Engineering,September Intake 2025,Parents,[AMOUNT_REDACTED],,CLEAN,html,
Re_ Kenya Office - Counsellor Assessment Form - [NAME_REDACTED] - Good - 325985 -.eml[1].eml,325985,[NAME_REDACTED],Good,"Tue, 24 Dec 2024 16:46:19 +0000",Bachelors in Mechanical Engineering 2022 TUK 2:1 Passport [PASSPORT_REDACTED],No KCSE English B+ 2014,UK,MBA,September Intake 2025,Other family members or relatives,[AMOUNT_REDACTED],,CLEAN,html,
Re_ Kenya Office - Counsellor Assessment Form - [NAME_REDACTED] - Good - 326052 -.eml[1].eml,326052,[NAME_REDACTED],Good,"Tue, 24 Dec 2024 16:42:54 +0000",Diploma in Supply and 2023 Kisii University Passport in progress,No KCSE English B 2018,Canada/UK,Degree in Business Management/ Supply Chain,May Intake 2025,Parents,[AMOUNT_REDACTED],,CLEAN,html,
Re_ Kenya Office - Counsellor Assessment Form - [NAME_REDACTED] - Good - 326215 -.eml[1].eml,326215,[NAME_REDACTED],Good,"Tue, 24 Dec 2024 16:24:54 +0000",Bachelors in mass communication-Public Relations 2024 JKUAT 2:2 Certificate [ADDRESS_REDACTED]Institute of Technology Passport in progress,Preparing for IELTS,UK,PR/Marketing/Project Management,May Intake 2025,Parents,[AMOUNT_REDACTED],,CLEAN,html,
Re_ Kenya Office - Counsellor Assessment Form - [NAME_REDACTED] - Good - 326799 -.eml[1].eml,326799,[NAME_REDACTED],Good,"Tue, 24 Dec 2024 16:24:40 +0000",KCSE D 2022 Certificate in Community Health Amref University April 2025 Passport [PASSPORT_REDACTED],No KCSE English C-,UK,Public Health/Adult Social Care Programme,May Intake 2025,Parents,[AMOUNT_REDACTED],,CLEAN,html,
Re_ Kenya Office - Counsellor Assessment Form - [NAME_REDACTED] - Good - 327400 -.eml[1].eml,327400,[NAME_REDACTED],Good,"Thu, 02 Jan 2025 19:44:54 +0000",Bachelors in Computer Science 2022 Moi University 2:1 Passport [PASSPORT_REDACTED],No KCSE English C+,UK,Masters in Information Systems Management,September Intake 2025,Self Funded,[AMOUNT_REDACTED],,CLEAN,html,
Fwd_ Pre-Application Assessment form - UK - Amos Rop - Yes - Yes - Jan 2025.eml[1].eml,,[COUNSELLOR_ID],,"Thu, 14 Nov 2024 12:08:54 +0000",Bachelor's degree or equivalent qualification,,,,,,[AMOUNT_REDACTED],,CHECK,html,
Fwd_ Pre-Application Assessment form - UK - Janet Cherutich - No - Yes - Jan 2025.eml[1].eml,,[COUNSELLOR_ID],,"Thu, 14 Nov 2024 12:05:32 +0000",Other professional qualifications,,,,,,[AMOUNT_REDACTED],,CHECK,html,
Re_ Kenya Office - Counsellor Assessment Form - [NAME_REDACTED] - Cold - 313059 -.eml[1].eml,313059,[NAME_REDACTED],Cold,"Mon, 11 Nov 2024 16:54:03 +0300",Certificate in Water Engineering 2020 Kenya Water Institute KCSE C- 2010 Passport In progress,No KCSE English C 2010,Canada/ Australia/UK,Business Related,May Intake 2025,Self Funded,[AMOUNT_REDACTED],,CLEAN,html,
Re_ Kenya Office - Counsellor Assessment Form - [NAME_REDACTED] - Excellent - 297754 -.eml[1].eml,297754,[NAME_REDACTED],Excellent,"Tue, 22 Oct 2024 16:09:10 +0100",Bachelors in Biomedical Science and Technology 2021 2:1 Chuka University [PASSPORT_REDACTED],Preparing for IELTS,UK,Masters in Immunology,Jan Intake 2025,Parents,[AMOUNT_REDACTED],,CLEAN,html,
Re_ Kenya Office - Counsellor Assessment Form - [NAME_REDACTED] - Excellent - 305368 -.eml[1].eml,305368,[NAME_REDACTED],Excellent,"Mon, 28 Oct 2024 15:20:25 +0000",Diploma in Architecture TUM Credit 2023 Passport [PASSPORT_REDACTED],IELTS- awaiting results,Australia/UK,Degree in Architecture,Jan Intake 2025,Other family members or relatives,[AMOUNT_REDACTED],,CLEAN,html,
Re_ Kenya Office - Counsellor Assessment Form - [NAME_REDACTED] - Excellent - 305382 -.eml[1].eml,305382,[NAME_REDACTED],Excellent,"Tue, 05 Nov 2024 12:38:52 +0000",Diploma in Accounting 2022 MiddleSex University Credit Certificate in Nursing Assistant 2024 MedPrime Passport [PASSPORT_REDACTED],IELTS Overall 6.5 Minimum 5.5 2023,US/UK,Bachelors in Accounting/ Nursing,May Intake 2025,Parents,[AMOUNT_REDACTED],,CLEAN,html,
Re_ Kenya Office - Counsellor Assessment Form - [NAME_REDACTED] - Excellent - 307094 -.eml[1].eml,307094,[NAME_REDACTED],Excellent,"Tue, 05 Nov 2024 11:45:51 +0000",Diploma in Nursing 2015 PCEA Nakuru West Medical College Pass Passport [PASSPORT_REDACTED],No KCSE English C+,UK,Degree in Nursing,May Intake 2025,Self Funded,[AMOUNT_REDACTED],,CLEAN,html,
Re_ Kenya Office - Counsellor Assessment Form - [NAME_REDACTED] - Excellent - 311822 -.eml[1].eml,311822,[NAME_REDACTED],Excellent,"Wed, 13 Nov 2024 12:46:39 +0000",Diploma in Architecture 2024 NIC Passport [PASSPORT_REDACTED],No MOE Available KCSE English B- 2017,UK,Degree in Architecture,Jan Intake 2025,Parents,[AMOUNT_REDACTED],,CLEAN,html,
Re_ Kenya Office - Counsellor Assessment Form - [NAME_REDACTED] - Excellent - 311845 -.eml[1].eml,311845,[NAME_REDACTED],Excellent,"Fri, 08 Nov 2024 15:58:04 +0000",Bachelors of Physiotherapy 2019 Pakistan-King Edward Medical University Passport 2025,IELTS Journal 7.0 Minimum 6.5,UK,Masters in Physiotherapy,Jan Intake 2025,Other family members or relatives,[AMOUNT_REDACTED],,CLEAN,html,
Re_ Kenya Office - Counsellor Assessment Form - [NAME_REDACTED] - Excellent - 311868 -.eml[1].eml,311868,[NAME_REDACTED],Excellent,"Fri, 08 Nov 2024 15:58:36 +0000",Bachelors in Psychology 2020 University of EA Baraton 2:1 Bachelors in Theology 2023 University of EA Baraton 2:1 Passport 2028,IELTS Overall 6.0 minimum 5.5,UK,Masters in Psychology,Jan Intake 2025,Parents,[AMOUNT_REDACTED],,CLEAN,html,
Re_ Kenya Office - Counsellor Assessment Form - [NAME_REDACTED] - Excellent - 311912 -.eml[1].eml,311912,[NAME_REDACTED],Excellent,"Fri, 08 Nov 2024 15:59:13 +0000",Bachelors in Education 2024 2:1 KU Passport [PASSPORT_REDACTED],No KCSE English B 2018,UK,Masters in Education,September Intake 2025,Self Funded,[AMOUNT_REDACTED],,CLEAN,html,
Re_ Kenya Office - Counsellor Assessment Form - [NAME_REDACTED] - Good - -.eml[1].eml,,[NAME_REDACTED],Good,"Thu, 07 Nov 2024 12:51:05 +0000",Diploma in Nursing KMTC Pass 2020 Passport [PASSPORT_REDACTED],IELTS overall 7.5 minimum 6.5,UK,Top Up Degree in Nursing,May Intake 2025,Self Funded,[AMOUNT_REDACTED],,CHECK,html,
Re_ Kenya Office - Counsellor Assessment Form - [NAME_REDACTED] - Good - 296676 -.eml[1].eml,296676,[NAME_REDACTED],Good,"Tue, 22 Oct 2024 16:09:23 +0100",Bachelors of Education Arts 2023 2:1 Africa International University passport [PASSPORT_REDACTED],SAT 920 marks 2021 KCSE English C+ 2018,Australia/UK,Masters in Education,Jan Intake 2025,Parents,[AMOUNT_REDACTED],,CLEAN,html,
Re_ Kenya Office - Counsellor Assessment Form - [NAME_REDACTED] - Good - 296776 -.eml[1].eml,296776,[NAME_REDACTED],Good,"Thu, 24 Oct 2024 04:34:09 +0100",Diploma Special Needs Education 2023 Credit KIBIK Passport [PASSPORT_REDACTED],No KCSE English C- 2004,UK,Masters in Education,Jan Intake 2025,Self Funded,[AMOUNT_REDACTED],,CLEAN,html,
Re_ Kenya Office - Counsellor Assessment Form - [NAME_REDACTED] - Good - 297185 -.eml[1].eml,297185,[NAME_REDACTED],Good,"Fri, 25 Oct 2024 18:02:25 +0100",Bachelors in Human Resource 2018 Moi University 2:1 passport [PASSPORT_REDACTED],No,Canada/UK,Masters in Social work,May Intake 2025,Parents,[AMOUNT_REDACTED],,CLEAN,html,
Re_ Kenya Office - Counsellor Assessment Form - [NAME_REDACTED] - Good - 298406 -.eml[1].eml,298406,[NAME_REDACTED],Good,"Wed, 23 Oct 2024 01:55:26 +0100","Diploma in Mechanic Engineering for heavy machines 2015 KIBIK, Ngong Passport in progress",No,UK,Diploma in Plan Mechanic Engineering,Jan Intake 2025,Self Funded,[AMOUNT_REDACTED],,CLEAN,html,
Re_ Kenya Office - Counsellor Assessment Form - [NAME_REDACTED] - Good - 298423 -.eml[1].eml,298423,[NAME_REDACTED],Good,"Tue, 29 Oct 2024 10:29:02 +0000",Degree in IT JKUAT 2:1 2012 [PASSPORT_REDACTED],No,UK,Masters in Community Development/Project Management/ Monitoring and Evaluation,May Intake 2025,Self Funded,[AMOUNT_REDACTED],,CLEAN,html,
Re_ Kenya Office - Counsellor Assessment Form - [NAME_REDACTED] - Good - 305279 -.eml[1].eml,305279,[NAME_REDACTED],Good,"Wed, 06 Nov 2024 16:01:45 +0000",Masters in Finance Ranmin University GPA 3.32 Passport [PASSPORT_REDACTED],No,UK,Masters/PG Research/ DBA,May Intake 2025,Self Funded,[AMOUNT_REDACTED],,CLEAN,html,
Re_ Kenya Office - Counsellor Assessment Form - [NAME_REDACTED] - Good - 306743 -.eml[1].eml,306743,[NAME_REDACTED],Good,"Wed, 30 Oct 2024 16:59:20 +0000",Diploma in Nursing KMTC Pass 2020 Passport [PASSPORT_REDACTED],IELTS overall 7.5 minimum 6.5,UK,Top Up Degree in Nursing,May Intake 2025,Self Funded,[AMOUNT_REDACTED],,CLEAN,html,
Re_ Kenya Office - Counsellor Assessment Form - [NAME_REDACTED] - Good - 306826 -.eml[1].eml,306826,[NAME_REDACTED],Good,"Tue, 29 Oct 2024 16:43:56 +0000",Certificate in Plant Mechanic and Plant operator 2019 Passport [PASSPORT_REDACTED],No KCSE English D+,UK,,,Scholarship,[AMOUNT_REDACTED],,CLEAN,html,
Re_ Kenya Office - Counsellor Assessment Form - [NAME_REDACTED] - Good - 306838 -.eml[1].eml,306838,[NAME_REDACTED],Good,"Thu, 31 Oct 2024 17:16:43 +0000",Bachelors in Business Administration 2021 KU 3.8 GP 2:1 Passport to be renewed,No KCSE English B+ 2017,UK,MBA International HR Management,May Intake 2025,Self Funded,[AMOUNT_REDACTED],,CLEAN,html,
Re_ Kenya Office - Counsellor Assessment Form - [NAME_REDACTED] - Good - 306839 -.eml[1].eml,306839,[NAME_REDACTED],Good,"Tue, 29 Oct 2024 15:42:41 +0000",Bachelors in Education South Eastern Kenyan University 2:1 2018 passport [PASSPORT_REDACTED],No,UK,masters in Project Management,May Intake 2025,Self Funded,[AMOUNT_REDACTED],,CLEAN,html,
Re_ Kenya Office - Counsellor Assessment Form - [NAME_REDACTED] - Good - 306884 -.eml[1].eml,306884,[NAME_REDACTED],Good,"Wed, 30 Oct 2024 16:41:55 +0000",KCSE C 2022 Passport in Progress,Preparing for IELTS,UK,Foundation in IT,May Intake 2025,Parents,[AMOUNT_REDACTED],,CLEAN,html,
Re_ Kenya Office - Counsellor Assessment Form - [NAME_REDACTED] - Good - 306918 -.eml[1].eml,306918,[NAME_REDACTED],Good,"Wed, 06 Nov 2024 16:02:16 +0000",Diploma in Social Work and Community Development 2000 Pass KISWED No Passport,No,UK,Degree in Social work,September Intake 2025,Self Funded,[AMOUNT_REDACTED],,CLEAN,html,
Re_ Kenya Office - Counsellor Assessment Form - [NAME_REDACTED] - Good - 307043 -.eml[1].eml,307043,[NAME_REDACTED],Good,"Wed, 06 Nov 2024 15:59:45 +0000",Bachelors in Agricultural Engineering 2022 Eldoret Polytechnic 2:1 Passport [PASSPORT_REDACTED],No KCSE B-,,Masters in Mechanical Engineering,Jan Intake 2025,Self Funded,[AMOUNT_REDACTED],,CLEAN,html,
Re_ Kenya Office - Counsellor Assessment Form - [NAME_REDACTED] - Good - 307063 -.eml[1].eml,307063,[NAME_REDACTED],Good,"Wed, 06 Nov 2024 16:02:03 +0000",Bachelors of Commerce-Finance 2016 JKUAT 2:1 No passport,No KCSE English 2000,UK,MBA,September Intake 2025,Self Funded,[AMOUNT_REDACTED],,CLEAN,html,
Re_ Kenya Office - Counsellor Assessment Form - [NAME_REDACTED] - Good - 307522 -.eml[1].eml,307522,[NAME_REDACTED],Good,"Tue, 05 Nov 2024 03:07:58 +0000",Higher Diploma in Nursing 2021 KMTC Pass Passport [PASSPORT_REDACTED],IELTS- Awaiting Results,UK,Degree in Nursing,September Intake 2025,Self Funded,[AMOUNT_REDACTED],,CLEAN,html,
Re_ Kenya Office - Counsellor Assessment Form - [NAME_REDACTED] - Good - 307563 -.eml[1].eml,307563,[NAME_REDACTED],Good,"Tue, 05 Nov 2024 03:07:49 +0000",Diploma in Nursing and Midwifery 2023 Pass Passport in progress,No KCSE English B 2018,UK/Canada/US,Bachelors in Nursing,Jan Intake 2025,Other family members or relatives,[AMOUNT_REDACTED],,CLEAN,html,
Re_ Kenya Office - Counsellor Assessment Form - [NAME_REDACTED] - Good - 307653 -.eml[1].eml,307653,[NAME_REDACTED],Good,"Mon, 04 Nov 2024 13:28:21 +0000",Bachelors in Hospitaliy management 2017 JKUAT 2:1 Passport [PASSPORT_REDACTED],No KCSE English B,UK,Management course(MBA),May Intake 2025,Self Funded,[AMOUNT_REDACTED],,CLEAN,html,
Re_ Kenya Office - Counsellor Assessment Form - [NAME_REDACTED] - Good - 307860 -.eml[1].eml,307860,[NAME_REDACTED],Good,"Thu, 07 Nov 2024 17:18:54 +0000",Diploma in IT 2017 IAT Passed Passport [PASSPORT_REDACTED],No,UK,Degree in IT,September Intake 2025,Self Funded,[AMOUNT_REDACTED],,CLEAN,html,
Re_ Kenya Office - Counsellor Assessment Form - [NAME_REDACTED] - Good - 307870 -.eml[1].eml,307870,[NAME_REDACTED],Good,"Thu, 07 Nov 2024 17:18:44 +0000",KCSE D+ 2008 Bachelors in Community Development Third Year 2013 Passport [PASSPORT_REDACTED],No,Germany/US/UK,Public Health/Business Administration,May Intake 2025,Parents,[AMOUNT_REDACTED],,CLEAN,html,
Re_ Kenya Office - Counsellor Assessment Form - [NAME_REDACTED] - Good - 307970 -.eml[1].eml,307970,[NAME_REDACTED],Good,"Wed, 06 Nov 2024 17:17:56 +0000",Bachelors in Electrical Engineering 2018 DEKUT 2:2 Passport in progress,No KCSE English,US/UK,Masters in Mechatronics,Jan Intake 2025,Self Funded,[AMOUNT_REDACTED],,CLEAN,html,
Re_ Kenya Office - Counsellor Assessment Form - [NAME_REDACTED] - Good - 308028 -.eml[1].eml,308028,[NAME_REDACTED],Good,"Wed, 06 Nov 2024 16:00:00 +0000",Bachelors in Arts- Maths and Economics 2012 2:1 Moi University Passport in progress,TOEFL 66,UK,Masters in Education,September Intake 2025,Self Funded,[AMOUNT_REDACTED],,CLEAN,html,
Re_ Kenya Office - Counsellor Assessment Form - [NAME_REDACTED] - Good - 311854 -.eml[1].eml,311854,[NAME_REDACTED],Good,"Fri, 08 Nov 2024 15:58:14 +0000",Bachelors in Banking Finance 2024 JKUAT Passport in progress,No KCSE English C+,UK,Masters in Accounting and Finance,September Intake 2025,Self Funded,[AMOUNT_REDACTED],,CLEAN,html,
Re_ Kenya Office - Counsellor Assessment Form - [NAME_REDACTED] - Good - 311938 -.eml[1].eml,311938,[NAME_REDACTED],Good,"Fri, 08 Nov 2024 15:58:45 +0000",Diploma in Education 2021 Sunrise Teachers College Pass Passport 2023,IELTS Overall 6.5 Minimum 6.0,UK,Bachelors in Education,Jan Intake 2025,Self Funded,[AMOUNT_REDACTED],,CLEAN,html,
Re_ Kenya Office - Counsellor Assessment Form - [NAME_REDACTED] - Good - 313053 -.eml[1].eml,313053,[NAME_REDACTED],Good,"Mon, 11 Nov 2024 17:37:18 +0000",Diploma in Customs KESRA 2022 Pass Passport [PASSPORT_REDACTED],No KCSE English C 2018,UK,Business Related,May Intake 2025,Parents,[AMOUNT_REDACTED],,CLEAN,html,
Re_ Kenya Office - Counsellor Assessment Form - [NAME_REDACTED] - Good - 313669 -.eml[1].eml,313669,[NAME_REDACTED],Good,"Tue, 12 Nov 2024 15:29:45 +0000",Diploma in IT Kisii National Polytechnic 2016 No passport,No KCSE English C- 2011,UK,Degree in IT,May Intake 2025,Parents,[AMOUNT_REDACTED],,CLEAN,html,
Re_ Kenya Office - Counsellor Assessment Form - [NAME_REDACTED] - Good - 313673 -.eml[1].eml,313673,[NAME_REDACTED],Good,"Wed, 13 Nov 2024 17:47:32 +0000",KCSE C 2000 Passport [PASSPORT_REDACTED],No KCSE English C+,UK,LLB,September Intake 2025,Self Funded,[AMOUNT_REDACTED],,CLEAN,html,
Re_ Kenya Office - Counsellor Assessment Form - [NAME_REDACTED] - Good - 313738 -.eml[1].eml,313738,[NAME_REDACTED],Good,"Wed, 13 Nov 2024 17:47:18 +0000",Diploma in Clinical Medicine and Surgery 2021 Kisii University Pass No Passport,No KCSE English B- 2017,UK,Degree in Medicine,May Intake 2025,Parents,[AMOUNT_REDACTED],,CLEAN,html,
Re_ Kenya Office - Counsellor Assessment Form - [NAME_REDACTED] - Good - 313771 -.eml[1].eml,313771,[NAME_REDACTED],Good,"Tue, 12 Nov 2024 15:19:10 +0000",KCSE C 2023 Passport [PASSPORT_REDACTED],No KCSE English B,UK,Nursing,September Intake 2025,Parents,[AMOUNT_REDACTED],,CLEAN,html,
Re_ Kenya Office - Counsellor Assessment Form - [NAME_REDACTED] - Good - 313779 -.eml[1].eml,313779,[NAME_REDACTED],Good,"Tue, 12 Nov 2024 17:10:47 +0000",Diploma in community health and development 2014 Pass Moi University Passport to be renewed 2025,No,US/Canada/UK,Degree in Environmental health/public heath,May Intake 2025,Self Funded,[AMOUNT_REDACTED],,CLEAN,html,
Re_ Kenya Office - Counsellor Assessment Form - [NAME_REDACTED] - Good - 313808 -.eml[1].eml,313808,[NAME_REDACTED],Good,"Tue, 12 Nov 2024 17:10:35 +0000",Bachelors in Finance 2022 Tom Mboya University 2:1 Passport [PASSPORT_REDACTED],TOEFL waiting result scores,UK,Masters in Public Health,September Intake 2025,Other family members or relatives,[AMOUNT_REDACTED],,CLEAN,html,
Re_ Kenya Office - Counsellor Assessment Form - [NAME_REDACTED] - Good - 314428 -.eml[1].eml,314428,[NAME_REDACTED],Good,"Wed, 13 Nov 2024 17:47:05 +0000",KCSE B+ 2016 Passport [PASSPORT_REDACTED],No KCSE English D+,UK,Degree in Project Management,September Intake 2025,Self Funded,[AMOUNT_REDACTED],,CLEAN,html,
Re_ Kenya Office - Counsellor Assessment Form - [NAME_REDACTED] - Good - 314583 -.eml[1].eml,314583,[NAME_REDACTED],Good,"Wed, 13 Nov 2024 16:42:40 +0000",Bachelors in Education 2015 UON 2:2 Passport [PASSPORT_REDACTED],No,Canada/UK,Masters in Education,May Intake 2025,Self Funded,[AMOUNT_REDACTED],,CLEAN,html,
Re_ Kenya Office - Counsellor Assessment Form - [NAME_REDACTED] - Good - 314971 -.eml[1].eml,314971,[NAME_REDACTED],Good,"Fri, 15 Nov 2024 12:20:49 +0000",Diploma in Secretarial studies Rift Valley TTI 2019 Pass Passport in progress,No KCSE English C+ 2013,UK,Buiness Managegement /Human Resources,May Intake 2025,Self Funded,[AMOUNT_REDACTED],,CLEAN,html,
Re_ EDIT_ Re_ Kenya Office - Counsellor Assessment Form - [NAME_REDACTED] - Good - 294311 -.eml[1].eml,294311,[NAME_REDACTED],Good,"Wed, 02 Oct 2024 11:34:33 +0100",KCSE D 2020 Passport ready [PASSPORT_REDACTED],KCSE English D,UK,Foundation in Business Management,Jan Intake 2025,Self Funded,[AMOUNT_REDACTED],,CLEAN,html,
Re_ Kenya Office - Counsellor Assessment Form - [NAME_REDACTED] - Cold - -.eml[1][1].eml,,[NAME_REDACTED],Cold,"Fri, 04 Oct 2024 17:14:29 +0300",Diploma in Health Records 2017 Pass Passport [PASSPORT_REDACTED],No,UK,,May Intake 2025,Scholarship,[AMOUNT_REDACTED],,CHECK,html,
Re_ Kenya Office - Counsellor Assessment Form - [NAME_REDACTED] - Cold - -.eml[2].eml,,[NAME_REDACTED],,"Tue, 08 Oct 2024 20:48:18 +0300",Bachelors in Statistics JKUAT 2024,,UK,,,,[AMOUNT_REDACTED],,CHECK,html,
Re_ Kenya Office - Counsellor Assessment Form - [NAME_REDACTED] - Excellent - 289626 -.eml[1].eml,289626,[NAME_REDACTED],Excellent,"Wed, 02 Oct 2024 17:14:39 +0100",Diploma in Nursing 2022 Pass Gocare TTI Passport [PASSPORT_REDACTED],No KCSE English 1975 B+,UK,Degree in Nursing,May Intake 2025,Self Funded,[AMOUNT_REDACTED],,CLEAN,html,
Re_ Kenya Office - Counsellor Assessment Form - [NAME_REDACTED] - Excellent - 293914 -.eml[1].eml,293914,[NAME_REDACTED],Excellent,"Wed, 02 Oct 2024 17:36:32 +0100",Degree in International Studies 2023 2:1 Passport [PASSPORT_REDACTED],KCSE English C+,UK,Masters in International Relations/Diplomacy,Jan Intake 2025,Parents,[AMOUNT_REDACTED],,CLEAN,html,
Re_ Kenya Office - Counsellor Assessment Form - [NAME_REDACTED] - Excellent - 294287 -.eml[1].eml,294287,[NAME_REDACTED],Excellent,"Mon, 07 Oct 2024 13:09:31 +0100",Masters in Childhood and Primary Education Moi University 2019 Passport [PASSPORT_REDACTED],No KCSE English C 2004,UK,Phsycology/ Philosophy of Education,May Intake 2025,Self Funded,[AMOUNT_REDACTED],,CLEAN,html,
Re_ Kenya Office - Counsellor Assessment Form - [NAME_REDACTED] - Excellent - 294317 -.eml[1].eml,294317,[NAME_REDACTED],Excellent,"Wed, 02 Oct 2024 11:32:18 +0100",Bachelors in Public Administration 2018 2:1 University of Kambianga International Diploma in nebosh Sheilds College SA Passport ready [PASSPORT_REDACTED],No KCSE English C 2005,UK,Masters in International Relations,May Intake 2025,Other family members or relatives,[AMOUNT_REDACTED],,CLEAN,html,
Re_ Kenya Office - Counsellor Assessment Form - [NAME_REDACTED] - Excellent - 295135 -.eml[1].eml,295135,[NAME_REDACTED],Excellent,"Thu, 03 Oct 2024 21:08:00 +0100",KCSE C plain 2022 passport [PASSPORT_REDACTED],IELTS overall score 7.0 minimum 6.0,UK,Degree in Nursing/Adult Social Care,Jan Intake 2025,Parents,[AMOUNT_REDACTED],,CLEAN,html,
Re_ Kenya Office - Counsellor Assessment Form - [NAME_REDACTED] - Excellent - 295145 -.eml[1].eml,295145,[NAME_REDACTED],Excellent,"Thu, 10 Oct 2024 16:07:22 +0300",Bachelors in Construction Management 2019 2:1 UON Passport [PASSPORT_REDACTED],IELTS overall 8 minimum 7,UK/Ireland,Masters in Construction,Jan Intake 2025,Self Funded,[AMOUNT_REDACTED],,CLEAN,html,
Re_ Kenya Office - Counsellor Assessment Form - [NAME_REDACTED] - Excellent - 295582 -.eml[1].eml,295582,[NAME_REDACTED],Excellent,"Wed, 09 Oct 2024 14:49:18 +0100",Bachelors in Veterinary Medicine 2021 UON Pass Passport [PASSPORT_REDACTED],No KCSE English A- 2015,Germany/Australia/UK,Masters in Veterinary Medicine,May Intake 2025,Self Funded,[AMOUNT_REDACTED],,CLEAN,html,
Re_ Kenya Office - Counsellor Assessment Form - [NAME_REDACTED] - Excellent - 296634 -.eml[1].eml,296634,[NAME_REDACTED],Excellent,"Thu, 10 Oct 2024 09:41:03 +0100",KCSE B- 2023 Passport [PASSPORT_REDACTED],No KCSE English B,UK,Degree in Nursing,Jan Intake 2025,Parents,[AMOUNT_REDACTED],,CLEAN,html,
Re_ Kenya Office - Counsellor Assessment Form - [NAME_REDACTED] - Excellent - 296666 -.eml[1].eml,296666,[NAME_REDACTED],Excellent,"Thu, 10 Oct 2024 09:40:47 +0100",Degree in Law MKU 2014 2:1 Post graduate diploma- law KSL 2016 Pass Passport [PASSPORT_REDACTED],No KCSE English B+ 2009,Australia/UK,Masters LLM Law,Jan Intake 2025,Self Funded,[AMOUNT_REDACTED],,CLEAN,html,
Re_ Kenya Office - Counsellor Assessment Form - [NAME_REDACTED] - Excellent - 296674 -.eml[1].eml,296674,[NAME_REDACTED],Excellent,"Thu, 10 Oct 2024 09:40:25 +0100",Bachelors in Accounting and Finance with IT 2023 2:1 Maseno University Passport [PASSPORT_REDACTED],No KCSE English C,US/UK,Mssters Accounting and Finance with IT,May Intake 2025,Parents,[AMOUNT_REDACTED],,CLEAN,html,
Re_ Kenya Office - Counsellor Assessment Form - [NAME_REDACTED] - Excellent - 296718 -.eml[1].eml,296718,[NAME_REDACTED],Excellent,"Sat, 12 Oct 2024 10:51:15 +0100",DVM from Poland 2024 Passport present,KCSE English B 2014,UK,Masters in Veterinary Medicine,Jan Intake 2025,Self Funded,[AMOUNT_REDACTED],,CLEAN,html,
Re_ Kenya Office - Counsellor Assessment Form - [NAME_REDACTED] - Excellent - 297127 -.eml[1].eml,297127,[NAME_REDACTED],Excellent,"Mon, 14 Oct 2024 17:48:53 +0100","KCSE B- 2022 Math C, Bio C-, Chemistry C- passport [PASSPORT_REDACTED]",IELTS 7.5 overall 7.0 minimum,Australia/New Zealand/UK,Degree in Nursing,Jan Intake 2025,Parents,[AMOUNT_REDACTED],,CLEAN,html,
Re_ Kenya Office - Counsellor Assessment Form - [NAME_REDACTED] - Excellent - 297136 -.eml[1].eml,297136,[NAME_REDACTED],Excellent,"Thu, 17 Oct 2024 15:27:10 +0100",HND in Medical ultra sound 2020 KMTC Pass passport [PASSPORT_REDACTED],No KCSE English B preparing for IELTS,Australia/UK,Degree in medical Imaging/Radiography,May Intake 2025,Self Funded,[AMOUNT_REDACTED],,CLEAN,html,
Re_ Kenya Office - Counsellor Assessment Form - [NAME_REDACTED] - Excellent - 297202 -.eml[1].eml,297202,[NAME_REDACTED],Excellent,"Mon, 14 Oct 2024 17:48:43 +0100",Diploma in Nursing 2012 Credit HND in Medical Education 2016 Credit Passport [PASSPORT_REDACTED],Preparing for OET December,UK,Degree in Medicine,Jan Intake 2025,Self Funded,[AMOUNT_REDACTED],,CLEAN,html,
Re_ Kenya Office - Counsellor Assessment Form - [NAME_REDACTED] - Excellent - 297257 -.eml[1].eml,297257,[NAME_REDACTED],Excellent,"Fri, 04 Oct 2024 15:34:02 +0100",Bachelors in Mass Communications 2024 Presibeterian University 2:1 Certificate in Care Giving 2024 passport [PASSPORT_REDACTED] KCSE C+,IELTS overall 7.5 minimum 7,UK,Diploma Adult social care,Jan Intake 2025,Parents,[AMOUNT_REDACTED],,CLEAN,html,
Re_ Kenya Office - Counsellor Assessment Form - [NAME_REDACTED] - Excellent - 297405 -.eml[1].eml,297405,[NAME_REDACTED],Excellent,"Wed, 16 Oct 2024 01:48:08 +0100",Degree in Computer Science 2024 2:1 Strathmore Uni passport [PASSPORT_REDACTED],IELTS 7.0 minimum 6.0,UK,Masters in CS/AI/Robotics,September Intake 2025,Parents,[AMOUNT_REDACTED],,CLEAN,html,
Re_ Kenya Office - Counsellor Assessment Form - [NAME_REDACTED] - Excellent - 297789 -.eml[1].eml,297789,[NAME_REDACTED],Excellent,"Fri, 18 Oct 2024 02:42:22 +0100",Diploma in Nursing 2024 Pass Passport [PASSPORT_REDACTED],Preparing for IELTS,UK,Degree in Nursing,Jan Intake 2025,Parents,[AMOUNT_REDACTED],,CLEAN,html,
Re_ Kenya Office - Counsellor Assessment Form - [NAME_REDACTED] - Excellent - 297791 -.eml[1].eml,297791,[NAME_REDACTED],Excellent,"Fri, 18 Oct 2024 02:42:11 +0100",Diploma in Community Health 2015 Pass Jaramogi Oginga Ondinga University Bachelors in Public Health 2019 Pass JKUAT Passport [PASSPORT_REDACTED],No KCSE English C,UK,HND/Masters in Public Health/Disaster Management,Jan Intake 2025,Self Funded,[AMOUNT_REDACTED],,CLEAN,html,
Re_ Kenya Office - Counsellor Assessment Form - [NAME_REDACTED] - Excellent - 298032 -.eml[1].eml,298032,[NAME_REDACTED],Excellent,"Fri, 18 Oct 2024 17:42:09 +0100",Degree in Agricultural Science and Extension 2022 2:2 UOE passport [PASSPORT_REDACTED],"No, Preparing for IELTS KCSE English B 2016",Australia/UK,Climate Change and Resilience,May Intake 2025,Self Funded,[AMOUNT_REDACTED],,CLEAN,html,
Re_ Kenya Office - Counsellor Assessment Form - [NAME_REDACTED] - Good - 294031 -.eml[1].eml,294031,[NAME_REDACTED],Good,"Wed, 02 Oct 2024 11:32:28 +0100",Degree in Education Arts 2:1 2016 Kisii University Passport in progress,No KCSE English C+,Canada/UK,Masters in Social Sciences/Arts,Jan Intake 2025,Self Funded,[AMOUNT_REDACTED],,CLEAN,html,
Re_ Kenya Office - Counsellor Assessment Form - [NAME_REDACTED] - Good - 294877 -.eml[1].eml,294877,[NAME_REDACTED],Good,"Thu, 03 Oct 2024 15:28:48 +0100",Diploma in Re-operating Theatre Technology KMTC Credit 2023 Passport in progress,No KCSE English C,UK,Bachelors Degree in Imaging Science,May Intake 2025,Parents,[AMOUNT_REDACTED],,CLEAN,html,
Re_ Kenya Office - Counsellor Assessment Form - [NAME_REDACTED] - Good - 295715 -.eml[1].eml,295715,[NAME_REDACTED],Good,"Mon, 07 Oct 2024 17:39:37 +0100",Degree in Education Science(Chemistry/Biology) 2013 2:2 University of Eldoret No Passport,No KCSE English B+ 2004,UK,Masters in Analytical Chemistry,May Intake 2025,Self Funded,[AMOUNT_REDACTED],,CLEAN,html,
Re_ Kenya Office - Counsellor Assessment Form - [NAME_REDACTED] - Good - 295743 -.eml[1].eml,295743,[NAME_REDACTED],Good,"Mon, 07 Oct 2024 17:39:18 +0100","O'Level C Biology C, Maths C+, EnglishC, Chemistry C 2011 Certificate Computer Studies 2013 Passport [PASSPORT_REDACTED]",No,Canada/ Australia/UK,Diploma in Adult social care/Nursing,Jan Intake 2025,Self Funded,[AMOUNT_REDACTED],,CLEAN,html,
Re_ Kenya Office - Counsellor Assessment Form - [NAME_REDACTED] - Good - 295758 -.eml[1].eml,295758,[NAME_REDACTED],Good,"Fri, 04 Oct 2024 16:44:34 +0100",Diploma in Aeronautical Engineering 2023 Credit Kenya Aeronautical college No passport,No KCSE English C+,UK,Aeronautical Engineering,Jan Intake 2025,Parents,[AMOUNT_REDACTED],,CLEAN,html,
Re_ Kenya Office - Counsellor Assessment Form - [NAME_REDACTED] - Good - 295986 -.eml[1].eml,295986,[NAME_REDACTED],Good,"Tue, 08 Oct 2024 01:27:02 +0100",KCSE D- 2023 Passport in progress,No KCSE English D,UK,Business Related,Jan Intake 2025,Parents,[AMOUNT_REDACTED],,CLEAN,html,
Re_ Kenya Office - Counsellor Assessment Form - [NAME_REDACTED] - Good - 296007 -.eml[1].eml,296007,[NAME_REDACTED],Good,"Mon, 07 Oct 2024 17:40:05 +0100",Bachelors in Nursing 2021 Uzima University Pass passport [PASSPORT_REDACTED],No KCSE English 2015,UK,Masters in Nursing,September Intake 2025,Other family members or relatives,[AMOUNT_REDACTED],,CLEAN,html,
Re_ Kenya Office - Counsellor Assessment Form - [NAME_REDACTED] - Good - 296099 -.eml[1].eml,296099,[NAME_REDACTED],Good,"Tue, 08 Oct 2024 01:25:01 +0100",Masters in Business Administration 2018 Bachelors in Education 1999 2:1 Passport [PASSPORT_REDACTED],No,UK,PGCE with QTS,,Self Funded,[AMOUNT_REDACTED],,CLEAN,html,
Re_ Kenya Office - Counsellor Assessment Form - [NAME_REDACTED] - Good - 296122 -.eml[1].eml,296122,[NAME_REDACTED],Good,"Tue, 08 Oct 2024 17:55:36 +0100",Diploma in Secretarial 2016 Credit Diploma in Education 2014 Credit Kagumo Teachers College Passport [PASSPORT_REDACTED],No KCSE English B 2004,UK,Degree in Secretarial,Jan Intake 2025,Parents,[AMOUNT_REDACTED],,CLEAN,html,
Re_ Kenya Office - Counsellor Assessment Form - [NAME_REDACTED] - Good - 296447 -.eml[1].eml,296447,[NAME_REDACTED],Good,"Wed, 09 Oct 2024 11:24:36 +0100",Certificate in Nursing Assistant 2023 Pass Icon Training Center Qatar Passport [PASSPORT_REDACTED],No,UK,Diploma Adult social care,September 2025,Self Funded,[AMOUNT_REDACTED],,CLEAN,html,
Re_ Kenya Office - Counsellor Assessment Form - [NAME_REDACTED] - Good - 296627 -.eml[1].eml,296627,[NAME_REDACTED],Good,"Thu, 17 Oct 2024 15:27:20 +0100",Diploma in Community Development and Counselor Credit 2023 TUM Passport in progress,No KCSE English C,UK,Bachelors in Psycology,Jan Intake 2025,Parents,[AMOUNT_REDACTED],,CLEAN,html,
Re_ Kenya Office - Counsellor Assessment Form - [NAME_REDACTED] - Good - 296639 -.eml[1].eml,296639,[NAME_REDACTED],Good,"Fri, 18 Oct 2024 14:05:53 +0100",Diploma In IT 2009 KSTVET Diploma in Technical Training 2024 Passport [PASSPORT_REDACTED],No KCSE English C+ 2004,UK,Degree in Computer Trainer,May Intake 2025,Self Funded,[AMOUNT_REDACTED],,CLEAN,html,
Re_ Kenya Office - Counsellor Assessment Form - [NAME_REDACTED] - Good - 296741 -.eml[1].eml,296741,[NAME_REDACTED],Good,"Sat, 12 Oct 2024 10:51:55 +0100",Art School & College-Arts -Switzerland 2020 Passport [PASSPORT_REDACTED],,UK,Art Degree,Jan Intake 2025,Self Funded,[AMOUNT_REDACTED],,CLEAN,html,
Re_ Kenya Office - Counsellor Assessment Form - [NAME_REDACTED] - Good - 296799 -.eml[1].eml,296799,[NAME_REDACTED],Good,"Sat, 12 Oct 2024 10:51:46 +0100","Bachelors in Manufacturing, Industrial, and Textiles Engineering 2:1 Moi University 2022 No passport",No KCSE English B+ 2014,UK,ICT-Software/ Automation masters,September Intake 2025,Self Funded,[AMOUNT_REDACTED],,CLEAN,html,
Re_ Kenya Office - Counsellor Assessment Form - [NAME_REDACTED] - Good - 296806 -.eml[1].eml,296806,[NAME_REDACTED],Good,"Sat, 12 Oct 2024 10:52:03 +0100",KCSE C 1999 Passport [PASSPORT_REDACTED],IETS overall 6.5 minimum 4.5,UK/Canada/,Degree in Nursing,May Intake 2025,Self Funded,[AMOUNT_REDACTED],,CLEAN,html,
Re_ Kenya Office - Counsellor Assessment Form - [NAME_REDACTED] - Good - 297397 -.eml[1].eml,297397,[NAME_REDACTED],Good,"Wed, 16 Oct 2024 01:48:16 +0100",Bachelors in Statistics and Computer Science 2015 JKUAT 2:2 No Passport,No KCSE English B-,UK,Masters in Data Science,Jan Intake 2025,Self Funded,[AMOUNT_REDACTED],,CLEAN,html,
Re_ Kenya Office - Counsellor Assessment Form - [NAME_REDACTED] - Good - 297424 -.eml[1].eml,297424,[NAME_REDACTED],Good,"Wed, 16 Oct 2024 01:47:59 +0100",Bachelors of Education English Literature 2024 2:2 Passport [PASSPORT_REDACTED],KCSE English B 2014,UK,Masters in Education,May Intake 2025,Parents,[AMOUNT_REDACTED],,CLEAN,html,
Re_ Kenya Office - Counsellor Assessment Form - [NAME_REDACTED] - Good - 297741 -.eml[1].eml,297741,[NAME_REDACTED],Good,"Fri, 18 Oct 2024 16:21:20 +0100",Diploma in General Agriculture 2018 Credit Kitale National Polytechnic Passport [PASSPORT_REDACTED],No KCSE English C+ 2013,Australia/UK,Degree in Agriculture,Jan Intake 2025,Self Funded,[AMOUNT_REDACTED],,CLEAN,html,
Re_ Kenya Office - Counsellor Assessment Form - [NAME_REDACTED] - Good - 297753 -.eml[1].eml,297753,[NAME_REDACTED],Good,"Fri, 18 Oct 2024 16:21:10 +0100",Diploma in Clinical Medicine and Surgery 2019 Pass KMTC Passport [PASSPORT_REDACTED],"No, Preparing for IELTS KCSE English C+ 2015",US/UK,Degree in Nursing,May Intake 2025,Self Funded,[AMOUNT_REDACTED],,CLEAN,html,
Re_ Kenya Office - Counsellor Assessment Form - [NAME_REDACTED] - Good - 297804 -.eml[1].eml,297804,[NAME_REDACTED],Good,"Fri, 18 Oct 2024 02:42:34 +0100",Degree in Hospitality and tourism Management 2024 Zetech University No Passport,No KCSE ENGLISH C+,UK,Masters in Tourism,May Intake 2025,Self Funded,[AMOUNT_REDACTED],,CLEAN,html,
Re_ Kenya Office - Counsellor Assessment Form - [NAME_REDACTED] - Good - 297872 -.eml[1].eml,297872,[NAME_REDACTED],Good,"Tue, 08 Oct 2024 16:46:56 +0100",Bachelors in Education 2020 2:2 Chuka University Passport [PASSPORT_REDACTED],No KCSE English C+ 2014,UK,Masters in Education/Energy Related/Waste Management,Jan Intake 2025,Scholarship,[AMOUNT_REDACTED],,CLEAN,html,
Re_ Kenya Office - Counsellor Assessment Form - [NAME_REDACTED] - Good - 298048 -.eml[1].eml,298048,[NAME_REDACTED],Good,"Wed, 16 Oct 2024 01:47:43 +0100",BBIT Kenya Methodist 2012 2:2 Passport,No,UK,Masters in Computer sience/Data Science,September Intake 2025,Self Funded,[AMOUNT_REDACTED],,CLEAN,html,
Fwd_ Kenya Office - Counsellor Assessment Form - [NAME_REDACTED] - Good - - 289632.eml[1].eml,289632,[NAME_REDACTED],Good,"Wed, 25 Sep 2024 18:19:34 +0100",bachelors criminology and security studies 2:2 Laikipia University 2022 KCSE C+ 2016 passport ready [PASSPORT_REDACTED],No KCSE English- C plain,UK,Degree Criminal Justice,Jan Intake 2025,Parents,[AMOUNT_REDACTED],,CLEAN,html,
Re_ Kenya Office - Counsellor Assessment Form - [NAME_REDACTED] - Excellent - 289883 -.eml[1].eml,289883,[NAME_REDACTED],Excellent,"Thu, 26 Sep 2024 16:34:07 +0100",Diploma in Nursing 2021 Credit Nzoia College of Nursing Passport [PASSPORT_REDACTED],IELTS 6.5,UK,Degree in Nursing,Jan Intake 2025,Self Funded,[AMOUNT_REDACTED],,CLEAN,html,
Re_ Kenya Office - Counsellor Assessment Form - [NAME_REDACTED] - Excellent - 289938 -.eml[1].eml,289938,[NAME_REDACTED],Excellent,"Thu, 26 Sep 2024 17:13:56 +0100",Diploma in General Agriculture 2019 Credit Diploma in Nursing December 2024 Passport [PASSPORT_REDACTED],No KCSE English C+,Canada/UK,Degree in Nursing,Jan Intake 2025,Self Funded,[AMOUNT_REDACTED],,CLEAN,html,
Re_ Kenya Office - Counsellor Assessment Form - [NAME_REDACTED] - Excellent - 294317 -.eml[1].eml,294317,[NAME_REDACTED],Excellent,"Wed, 02 Oct 2024 11:32:18 +0100",Bachelors in Public Administration 2018 2:1 University of Kambianga International Diploma in nebosh Sheilds College SA Passport ready [PASSPORT_REDACTED],No KCSE English C 2005,UK,Masters in International Relations,May Intake 2025,Other family members or relatives,[AMOUNT_REDACTED],,CLEAN,html,
Re_ Kenya Office - Counsellor Assessment Form - [NAME_REDACTED] - Good - -.eml[1].eml,,[NAME_REDACTED],Good,"Tue, 01 Oct 2024 20:15:03 +0300",KCSE D 2020 Passport ready [PASSPORT_REDACTED],KCSE English D,UK,Foundation in Business Management,Jan Intake 2025,Self Funded,[AMOUNT_REDACTED],,CHECK,html,
Re_ Kenya Office - Counsellor Assessment Form - [NAME_REDACTED] - Good - 289619 -.eml[1].eml,289619,[NAME_REDACTED],Good,"Wed, 25 Sep 2024 23:48:29 +0100",KCSE C- 2021 Passport ready [PASSPORT_REDACTED],No KCSE English C+,UK,IT,Jan Intake 2025,Other family members or relatives,[AMOUNT_REDACTED],,CLEAN,html,
Re_ Kenya Office - Counsellor Assessment Form - [NAME_REDACTED] - Good - 289621 -.eml[1].eml,289621,[NAME_REDACTED],Good,"Fri, 27 Sep 2024 16:03:23 +0100",Bachelors of Arts in Education- Geography and CRE 2024 MKU Diploma 2018,No KCSE English C plain 2011,UK,degree in Nursing/pharmacy,September 2025,Self Funded,[AMOUNT_REDACTED],,CLEAN,html,
Re_ Kenya Office - Counsellor Assessment Form - [NAME_REDACTED] - Good - 289636 -.eml[1].eml,289636,[NAME_REDACTED],Good,"Thu, 26 Sep 2024 15:23:16 +0100",Diploma in Clinical Medicine 2019 Pass KMTC KCSE B- 2015 No passport,No KCSE English B- 2015,UK,,May 2026,Parents,[AMOUNT_REDACTED],,CLEAN,html,
Re_ Kenya Office - Counsellor Assessment Form - [NAME_REDACTED] - Good - 289639 -.eml[1].eml,289639,[NAME_REDACTED],Good,"Wed, 25 Sep 2024 16:30:19 +0100",degree IT 2011 diploma clinical med 2019 pass Valid passport [PASSPORT_REDACTED],No KCSE -English B,UK,Degree Adult social care,Jan Intake 2025,Self Funded,[AMOUNT_REDACTED],,CLEAN,html,
Re_ Kenya Office - Counsellor Assessment Form - [NAME_REDACTED] - Good - 289756 -.eml[1].eml,289756,[NAME_REDACTED],Good,"Thu, 26 Sep 2024 16:34:46 +0100",KCSE D+ 2022 Certificate Nursing Assistance Pass January-2024 Passport [PASSPORT_REDACTED],Currently enrolled,UK,Nursing/Veterinary,Jan Intake 2025,Parents,[AMOUNT_REDACTED],,CLEAN,html,
Re_ Kenya Office - Counsellor Assessment Form - [NAME_REDACTED] - Good - 289822 -.eml[1].eml,289822,[NAME_REDACTED],Good,"Fri, 27 Sep 2024 12:38:01 +0100",Diploma in Accounting 2021 Pass Kings College of Accounts Passport [PASSPORT_REDACTED],KCSE English D+,UK,Degree in Accounts,Jan Intake 2025,Self Funded,[AMOUNT_REDACTED],,CLEAN,html,
Re_ Kenya Office - Counsellor Assessment Form - [NAME_REDACTED] - Good - 289828 -.eml[1].eml,289828,[NAME_REDACTED],Good,"Thu, 26 Sep 2024 16:33:19 +0100",Grade 12 D+ 2023 Passport [PASSPORT_REDACTED],KCSE English C plain,Canada/UK,Dialectic and Nutrition,Jan Intake 2025,Self Funded,[AMOUNT_REDACTED],,CLEAN,html,
Re_ Kenya Office - Counsellor Assessment Form - [NAME_REDACTED] - Good - 293332 -.eml[1].eml,293332,[NAME_REDACTED],Good,"Fri, 27 Sep 2024 16:35:23 +0100",Certificate in plant operator 2022 KCSE C 2015 passport [PASSPORT_REDACTED],KCSE English C,UK,Foundation in IT,Jan Intake 2025,Parents,[AMOUNT_REDACTED],,CLEAN,html,
Re_ Kenya Office - Counsellor Assessment Form - [NAME_REDACTED] - Good - 293883 -.eml[1].eml,293883,[NAME_REDACTED],Good,"Tue, 01 Oct 2024 09:48:35 +0100",Diploma in Front Office and House Keeping 2016 Credit Amboseli TTI Passport [PASSPORT_REDACTED],No. KCSE English C-,UK,Foundation Care Giving,Jan Intake 2025,Parents,[AMOUNT_REDACTED],,CLEAN,html,
Re_ Kenya Office - Counsellor Assessment Form - [NAME_REDACTED] - Good - 293974 -.eml[1].eml,293974,[NAME_REDACTED],Good,"Tue, 01 Oct 2024 09:48:50 +0100",Degree in Education Masinde Murilo 2020 2:1,No KCSE English C 2015,Malaysia/UK,Masters in Education,Jan Intake 2025,Self Funded,[AMOUNT_REDACTED],,CLEAN,html,
Re_ Kenya Office - Counsellor Assessment Form - [NAME_REDACTED] - Good - 294299 -.eml[1].eml,294299,[NAME_REDACTED],Good,"Tue, 01 Oct 2024 17:23:13 +0100",Bachelors in Education 2016 2:1 Kenyatta University Passport in progress,No KCSE English B,UK,Masters in Education,September 2025,Self Funded,[AMOUNT_REDACTED],,CLEAN,html,
Fwd_ Kenya Office - Counsellor Assessment Form - [NAME_REDACTED] - Excellent - 404339 -.eml[1].eml,404339,[NAME_REDACTED],Excellent,"Wed, 28 May 2025 17:37:41 +0300",Bachelor's degree in Computer science 2020 Rongo University 2:2 Passport [PASSPORT_REDACTED],No KCSE English A- 2014,UK,Masters in Data Science,Jan Intake 2026,Self Funded,[AMOUNT_REDACTED],,CLEAN,html,
Fwd_ Kenya Office - Counsellor Assessment Form - [NAME_REDACTED] - Good - 375300 -.eml[1].eml,375300,[NAME_REDACTED],Good,"Wed, 04 Jun 2025 12:07:48 +0300",Bachelors in Environmental Science 2022 Moi University 2:2 Passport [PASSPORT_REDACTED],No KCSE English B 2014,UK,Public Health,Jan Intake 2026,Self Funded,[AMOUNT_REDACTED],,CLEAN,html,
Fwd_ Kenya Office - Counsellor Assessment Form - [NAME_REDACTED] - Good - 382149 -.eml[1].eml,382149,[NAME_REDACTED],Good,"Thu, 15 May 2025 16:31:16 +0300",(Procurement)Supply and Management 2011 JKUAT 2:1 Passport [PASSPORT_REDACTED],No KCSE English C+ 2006,UK,Masters in IR/Procurement,September Intake 2025,Self Funded,[AMOUNT_REDACTED],,CLEAN,html,
Fwd_ Kenya Office - Counsellor Assessment Form - [NAME_REDACTED] - Good - 382790 -.eml[1].eml,382790,[NAME_REDACTED],Good,"Mon, 28 Apr 2025 18:03:01 +0300",KCSE C 2023 Passport in progress,No KCSE English C+,UK,Education,September Intake 2025,Parents,[AMOUNT_REDACTED],,CLEAN,html,
Fwd_ Kenya Office - Counsellor Assessment Form - [NAME_REDACTED] - Good - 383045 -.eml[1].eml,383045,[NAME_REDACTED],Good,"Thu, 15 May 2025 16:31:27 +0300",Diploma in Business Management 2020 Unity College Certificate in German Language B1 2024 Passport [PASSPORT_REDACTED],No KCSE English C+ 2019,UK,Bachelors in Business Management,September Intake 2025,Self Funded,[AMOUNT_REDACTED],,CLEAN,html,
Fwd_ Kenya Office - Counsellor Assessment Form - [NAME_REDACTED] - Good - 383116 -.eml[1].eml,383116,[NAME_REDACTED],Good,"Mon, 28 Apr 2025 18:01:55 +0300",KCSE B- 2024 Passport in progress,IELTS Overall 6.0 minimum 6.0,UK,Film and Media Studies,September Intake 2025,Parents,[AMOUNT_REDACTED],,CLEAN,html,
Fwd_ Kenya Office - Counsellor Assessment Form - [NAME_REDACTED] - Good - 385926 -.eml[1].eml,385926,[NAME_REDACTED],Good,"Mon, 05 May 2025 16:14:20 +0300","Michelle IGCSE 2023 Math 4, Bio 4, English5, 4 Passport Valid",No,UK,Bachelors in IR,September Intake 2025,Parents,[AMOUNT_REDACTED],,CLEAN,html,
Fwd_ Kenya Office - Counsellor Assessment Form - [NAME_REDACTED] - Good - 386506 -.eml[1].eml,386506,[NAME_REDACTED],Good,"Mon, 19 May 2025 16:37:54 +0300",Bachelors in Communications 2023 Daystar Passport [PASSPORT_REDACTED],No KCSE English C+ 2016,UK,Msc Digital Marketing,September Intake 2025,Self Funded,[AMOUNT_REDACTED],,CLEAN,html,
Fwd_ Kenya Office - Counsellor Assessment Form - [NAME_REDACTED] - Good - 386516 -.eml[1].eml,386516,[NAME_REDACTED],Good,"Mon, 19 May 2025 13:08:18 +0300",Certificate in Plumbing 1999 Passport 2003,No-,UK,Bachelors in Plumbing,September Intake 2025,Self Funded,[AMOUNT_REDACTED],,CLEAN,html,
Fwd_ Kenya Office - Counsellor Assessment Form - [NAME_REDACTED] - Good - 393458 -.eml[1].eml,393458,[NAME_REDACTED],Good,"Mon, 12 May 2025 16:21:48 +0300",Diploma in Civil Engineering 2015 TUM Pass Passport in Progress,No KCSE English C+ 2009,UK,Bsc in Civil Engineering(Top Up),September 2025,Parents,[AMOUNT_REDACTED],,CLEAN,html,
Fwd_ Kenya Office - Counsellor Assessment Form - [NAME_REDACTED] - Good - 401786 -.eml[1].eml,401786,[NAME_REDACTED],Good,"Fri, 23 May 2025 18:47:36 +0300",Diploma in Criminology 2017 Moi University Pass Passport [PASSPORT_REDACTED] Emily Wanjiru Ndonga,KCSE English C 2014,UK,Business Related course,Jan Intake 2026,Parents,[AMOUNT_REDACTED],,CLEAN,html,
Fwd_ Kenya Office - Counsellor Assessment Form - [NAME_REDACTED] - Good - 404341 -.eml[1].eml,404341,[NAME_REDACTED],Good,"Wed, 28 May 2025 17:36:33 +0300",Diploma in Marketing Management 2018 Passport [PASSPORT_REDACTED],KCSE English C+ 2016,UK,Bachelors in Data Science/Business Analytics,September Intake 2025,Self Funded,[AMOUNT_REDACTED],,CLEAN,html,
Fwd_ Kenya Office - Counsellor Assessment Form - [NAME_REDACTED] - Good - 404873 -.eml[1].eml,404873,[NAME_REDACTED],Good,"Tue, 10 Jun 2025 18:05:24 +0300",KCSE A- 2024 Passport [PASSPORT_REDACTED],KCSE English A,UK,Bsc in Information Technology,September Intake 2025,Parents,[AMOUNT_REDACTED],,CLEAN,html,
Fwd_ Kenya Office - Counsellor Assessment Form - [NAME_REDACTED] - Good - 404973 -.eml[1].eml,404973,[NAME_REDACTED],Good,"Mon, 09 Jun 2025 19:54:09 +0300",HND in Psychiatry Nursing KMTC 2019 Registered Nurse Passport [PASSPORT_REDACTED],No,UK,Psycology,Jan Intake 2026,Self Funded,[AMOUNT_REDACTED],,CLEAN,html,
Fwd_ Kenya Office - Counsellor Assessment Form - [NAME_REDACTED] - Good - 405039 -.eml[1].eml,405039,[NAME_REDACTED],Good,"Fri, 30 May 2025 09:39:27 +0300",Bsc in International Business Management European Institute of Business Management 2:1 Passport [PASSPORT_REDACTED],IELTS Academic Overall 6.0 Minimum 4.5 2024 KCSE English C 1999,UK,MBA,September Intake 2026,Self Funded,[AMOUNT_REDACTED],,CLEAN,html,
Fwd_ Kenya Office - Counsellor Assessment Form - [NAME_REDACTED] - Good - 405122 -.eml[1].eml,405122,[NAME_REDACTED],Good,"Thu, 12 Jun 2025 11:04:33 +0300",KCSE C 2024 Passport [PASSPORT_REDACTED],KCSE English C+,UK,Bsc in Finance,September Intake 2025,Parents,[AMOUNT_REDACTED],,CLEAN,html,
Fwd_ Kenya Office - Counsellor Assessment Form - [NAME_REDACTED] - Good - 405170 -.eml[1].eml,405170,[NAME_REDACTED],Good,"Fri, 30 May 2025 18:45:18 +0300",Bachelors in Arts Theology 2:1 2024 Kenya Methodist Passport [PASSPORT_REDACTED],No KCSE English B 1998,UK,Masters in Theology,September Intake 2025,Self Funded,[AMOUNT_REDACTED],,CLEAN,html,
Fwd_ Kenya Office - Counsellor Assessment Form - [NAME_REDACTED] - Good - 405708 -.eml[1].eml,405708,[NAME_REDACTED],Good,"Thu, 12 Jun 2025 11:44:15 +0300",Bachelors of Commerce in Operations Management 2018 2:2 Online,No KCSE English B- 2009,UK,Finance and risk Management,September Intake 2025,Self Funded,[AMOUNT_REDACTED],,CLEAN,html,
Fwd_ Kenya Office - Counsellor Assessment Form - [NAME_REDACTED] - Good - 405747 -.eml[1].eml,405747,[NAME_REDACTED],Good,"Tue, 03 Jun 2025 12:36:33 +0300",KCSE D+ 2015 Certificate in IT 2019 Zetech Passport 2019,KCSE English C-,UK,IT-CyberSecurity,September Intake 2025,Self Funded,[AMOUNT_REDACTED],,CLEAN,html,
Fwd_ Kenya Office - Counsellor Assessment Form - [NAME_REDACTED] - Good - 406260 -.eml[1].eml,406260,[NAME_REDACTED],Good,"Wed, 04 Jun 2025 15:19:32 +0300",Bachelors in Applied Statistics Maseno University 2016 2:2 Passport [PASSPORT_REDACTED],Duolingo Overall 130 Minimum 125 -2025,UK,MBA/Finance,September Intake 2025,Self Funded,[AMOUNT_REDACTED],,CLEAN,html,
Fwd_ Kenya Office - Counsellor Assessment Form - [NAME_REDACTED] - Good - 406288 -.eml[1].eml,406288,[NAME_REDACTED],Good,"Wed, 04 Jun 2025 12:07:39 +0300",Diploma in Nursing 2006 KMTC Passport [PASSPORT_REDACTED],No KCSE English C+ 1999,UK,Top Up-Nursing,September Intake 2025,Self Funded,[AMOUNT_REDACTED],,CLEAN,html,
Fwd_ Kenya Office - Counsellor Assessment Form - [NAME_REDACTED] - Good - 406322 -.eml[1].eml,406322,[NAME_REDACTED],Good,"Wed, 04 Jun 2025 12:08:06 +0300",Masters in SCM 2018 Kisii University Merit Bachelors in [ADDRESS_REDACTED]2:1 Passport [PASSPORT_REDACTED],No KCSE English B- 1997,UK,Masters in International Supply Chain Management,Jan Intake 2026,Self Funded,[AMOUNT_REDACTED],,CLEAN,html,
Fwd_ Kenya Office - Counsellor Assessment Form - [NAME_REDACTED] - Good - - [PHONE_REDACTED].eml[1].eml,,[NAME_REDACTED],Good,"Mon, 26 May 2025 18:51:17 +0300","Dorine [PHONE_REDACTED] Wants to study masters in Criminology Wants York St Johns Uni Has done degree in Criminology Laikipia Uni Has PP, No visa Refusal Wants Sept intake",,UK,Criminology,Sept 2025,Self Funded,[AMOUNT_REDACTED],,CHECK,html,
